name,age,street,city,state,postcode,lng,lat
Brianna Lopez,55,280 Michael Terrace Apt. 799,New Jessicashire,Montana,80331,144.652541,34.4285345
Harold Rosales,44,989 Thornton Summit Suite 512,Shannonborough,Texas,97399,137.929732,-10.774783
Lori Johnson,33,025 Harris Spur,South Carlos,Kentucky,36685,-54.714821,-79.422471
Tiffany Wright,70,96214 Samuel Meadows Apt. 911,Cardenasburgh,West Virginia,07301,-65.993710,-57.047652
Alyssa Willis,37,8705 Stone Lake Apt. 445,East Shannonhaven,Maine,53212,31.859317,-18.379785
Dana Williams,60,48729 Robert Hills,Port Dana,California,86853,-119.291379,-32.4538765
Sherry Ashley,50,5473 Martin Locks,Donnaside,Alabama,13821,57.359239,22.0238525
Victoria Chan,78,990 Christine Summit Suite 517,Brandychester,Nebraska,57478,96.053090,8.026150
Sheri Floyd,42,145 Holly Valley,Hannashire,Oregon,29939,96.329042,-45.059953
James Bartlett,36,114 Matthew Glens,Katelynmouth,Washington,90115,-152.290644,-13.2232555
Dawn Mahoney,44,95090 Yates Well Suite 709,Kimtown,South Carolina,06369,137.159062,-35.387444
James Brock,52,99300 Thomas Ranch,Lake Anthonyfurt,Ohio,01365,115.001102,36.6331045
Jamie Miller,19,98662 Taylor Ways,Andrewhaven,Maryland,38391,150.036146,-79.296576
Michael Reilly,79,928 Collins Meadows,North Samueltown,Louisiana,07241,-16.550663,-41.355695
Morgan Kidd,67,833 English Lodge,Butlerchester,Kentucky,04525,50.244443,22.4203605
Mrs. Peggy Powell,42,381 Galloway Corners,North Jackville,Wisconsin,72761,62.210444,-77.686778
Anna Weaver,24,8167 Allison Ports,West George,Mississippi,43563,-66.137627,70.8005425
Tyler Brown,46,7469 Kelley Crossing Apt. 711,Port Cynthia,New Jersey,70914,-79.966449,-83.805748
Tina Rhodes,78,37370 Tracy Inlet,Ruthland,Kansas,39364,140.996994,-48.192525
Tyler Olsen,40,885 Lisa Brooks,Brownview,Utah,15355,-117.353098,2.2457865
Cory Stephens,22,393 Weber Green,Dillonton,South Dakota,35450,-179.336698,10.288052
Stephanie Young,39,254 Ramos Glens,North Stephanie,South Carolina,28887,124.464373,-64.9887295
Brittany Thompson,30,5833 Julie Port Apt. 628,Fordchester,Maryland,03761,-14.198791,2.684634
Stephanie Park,62,91173 Patel Creek Suite 068,East Jacob,Massachusetts,65515,-19.033900,-38.2277275
Christian Shepherd,23,51097 Stephanie Drive,Ericside,Florida,12973,-19.643655,-24.085901
Carl Crawford,71,72643 Johnston Port Apt. 830,Martinezport,Colorado,44748,69.922504,7.293046
Jacqueline Adams,52,27481 Hunter Square,South David,Tennessee,33389,-62.848003,-71.725834
Hannah Colon,38,0331 Tran Rapids Apt. 137,Charlesmouth,Wisconsin,56110,-119.491821,-9.2054335
Zoe Carter,75,3725 David Inlet Apt. 652,North Cindychester,Wisconsin,72458,178.747202,-15.5773305
Dr. Priscilla Bailey,75,413 Samuel Fort,West Dawnshire,Indiana,93569,140.155520,-16.7906515
Joseph Thomas,33,26849 Roach Throughway,South Kayla,Florida,21695,-90.452805,-71.905860
Stephanie Woods,56,115 Rebecca Expressway,Walkerside,Montana,03838,136.957943,-10.901605
Tiffany Parker,65,5835 Williams Camp,West Jasontown,New Mexico,45200,102.327808,4.9951475
Brenda Snyder,54,0283 William Rest,Maldonadoside,Minnesota,83749,-118.141515,79.4312275
Christopher Griffith,45,172 Robinson Point Apt. 513,Wallacebury,Wisconsin,54456,115.633392,-8.7818065
Jose Dunn,51,187 Susan Passage Apt. 289,Davidsonton,Utah,89161,75.632609,-41.953695
Jessica Lopez,79,3202 Mendez Bridge,Ryanville,Georgia,81201,-135.033995,-32.798911
Jerome Green,32,37931 Mills Avenue Apt. 855,Ryanview,Florida,64146,21.737011,-6.396057
Jason Campbell,41,387 Karen Plain Suite 254,Jonathanmouth,Vermont,40670,172.992350,-62.279054
Emily Scott,75,2324 Kramer Manors,Lindseyton,Maine,46577,119.283600,46.1024495
Christopher Nichols,25,6606 Edwards Camp,Port Carrieport,Delaware,66095,137.451717,16.1737695
Marcus Douglas,55,8575 Donald Trafficway,New Maureen,New York,17607,-131.351261,-82.8469075
Diamond Payne,68,8812 Lambert Mews,North Eric,Nebraska,41715,-28.086131,-77.4567185
Cory Smith,21,985 Fitzgerald Divide Suite 849,East Martinstad,Minnesota,63496,-147.503096,9.4357325
Stephen Pierce,68,3031 Shawn Throughway Apt. 366,Aliciachester,Maryland,37754,-153.729334,59.564699
Sandra Ball,64,6076 Brian Club Apt. 691,Ortizburgh,Virginia,90122,124.632588,31.038542
Megan Morgan,44,38124 Thomas Turnpike,Kramermouth,Oklahoma,97825,-24.754183,-18.348329
Jessica Diaz,66,61370 Fuentes Forks,Patrickburgh,Florida,94338,86.597191,-29.1323175
Olivia Whitehead,74,713 Phillip Curve,Andrewbury,Arkansas,52033,-161.225585,37.1857085
Scott Henderson,60,220 Ryan Springs,East Leslie,New Hampshire,17275,-104.394177,-81.1980045
Joseph Jordan,62,956 Chad Isle Suite 927,Markfort,Iowa,63035,3.827161,9.191119
Tracie Johnson,23,22131 Jones Run,South James,New Mexico,51931,-157.864053,31.5881875
Stacey Ellis,57,1444 Swanson Ramp Suite 069,Kristinland,Nebraska,62306,-135.317299,2.625393
Vanessa Cohen,51,536 Bailey Glens,New Richard,New Mexico,96381,-89.631467,72.958930
Stephen Johnson,73,743 Stephanie Port Suite 024,Russellmouth,Maine,96538,92.386902,-52.7778325
Tracy Jones,46,1631 Brad Ramp,Youngstad,Illinois,04829,81.810800,-87.552681
Scott Rodriguez,47,160 Richard River Suite 375,Zamoraport,New Jersey,52888,90.133722,55.3725135
Mrs. Kathy Molina,68,4916 Walter Views,North Amy,Washington,75640,-122.531663,25.108069
Ashley Levy,66,32178 Edward Springs,West Lisa,New Mexico,64287,13.484851,37.0272965
Chelsea Green,46,922 Nguyen Pines,New Joshua,Washington,93220,-10.924822,39.1536755
Taylor Burgess,23,86189 Cisneros Dam Apt. 520,North David,North Dakota,19324,-141.911879,75.824815
Lee Vazquez,78,1631 Williams Ranch Apt. 288,Grantmouth,Kentucky,02106,-147.485720,-80.9210485
Sarah Hunt,41,1711 Martin Mountain Apt. 252,South Russellmouth,Kansas,57423,-148.556932,-44.666371
Susan Greene,36,6113 Day Trail Apt. 475,Stevenbury,Connecticut,85781,-95.258186,-81.178429
David Carter,23,713 Paul Ridges,Katrinaberg,Mississippi,67378,-83.828116,5.199198
Lisa Paul,60,142 Franco Passage,New Louis,Arizona,11499,-30.592602,-7.5379215
Rachel Moses,80,5598 Katrina Forks,Ramirezchester,Mississippi,13746,-33.778403,-30.662219
Derek Miller,67,55796 John Shores Suite 824,Port Derek,Idaho,85759,-156.670761,79.7653615
Patty Leon,76,74433 Michael Highway,Tuckermouth,Alaska,18035,-155.717154,-86.2145165
Erik Ayala,44,04949 Barnett Square,South Bryanchester,Florida,26386,-123.851584,-36.1156215
Frank Stanley,22,6637 Baker Heights Suite 931,Gonzalesview,New Jersey,27462,-120.475971,-15.124804
Kellie Greene,80,664 Valencia Unions,East Justinland,Alaska,65439,-142.684113,-50.913013
Kathy Snyder,69,51342 Spence Throughway,North Douglasberg,Utah,59225,-157.952515,66.206186
Shannon Thomas,34,1961 Isabella Cape,Erikhaven,Indiana,85471,-133.467311,0.418239
Erika Hatfield,47,33643 Kelly Green Apt. 790,New Madelineborough,Georgia,80959,56.663771,-68.193632
Nathan Nichols,65,339 Jason Camp Suite 981,Coreyville,Alaska,82699,-50.591628,81.629018
Tony Torres,19,62934 Patricia Fields Suite 550,New Laura,Rhode Island,74530,-91.249191,-73.7753395
David Savage,34,362 Gilbert Spring Apt. 894,New Candace,South Carolina,96890,-9.100602,-85.560532
Michael Ross,75,4834 Kathryn Wall Suite 511,Brownport,Florida,18935,56.968958,-11.482336
Kristy Hayes,60,449 Johnson Center Apt. 181,West James,Tennessee,57905,-0.232894,-22.2434075
Steven Weeks,46,738 Smith Vista Apt. 965,Reneefurt,Utah,29235,-171.005054,-51.939590
Timothy Peterson,58,39716 Anthony Port Apt. 181,South Robert,Tennessee,93151,179.360491,12.8213395
David Smith,62,80435 Johnson Knolls Suite 626,South John,Arizona,42105,-101.996004,-83.3203065
Michelle Reed,72,0040 Stephen Port,Coleton,Mississippi,78560,-16.298923,-77.9031225
Miguel Huynh,40,3552 Robinson Cliffs Suite 701,Annaberg,Kansas,49231,14.288647,65.9635275
Alexander Smith,69,0370 Gregory Squares,Smithshire,Delaware,42907,20.956371,4.019029
James Phillips,45,32521 Preston Village Apt. 977,West Nina,Minnesota,41988,1.295279,0.6475595
Lisa Ramos,20,23608 Sean Estate,Nguyenberg,Arizona,89842,5.071659,-18.568824
Candice Castro,40,740 Paul Port Apt. 033,West Johnville,Wisconsin,78623,103.599210,42.678752
Valerie Bryan DDS,29,25525 Daniel Terrace Suite 101,Destinyville,Missouri,20004,-0.685590,-64.6513585
Kristen Hammond,37,6778 Huff Mountains,Port Beth,Mississippi,56608,-5.536728,51.152813
Erica Decker,38,5424 Hines Cliff Apt. 646,Smithbury,Mississippi,31909,144.327824,-77.029317
James Rodriguez,24,4007 Todd Expressway Suite 156,Lake Jennifer,Hawaii,34282,-105.761467,67.192923
Stanley Lee,39,1123 Sharon Lights,Lake Stefanieland,New York,45613,-142.704752,19.713543
April Carlson,22,362 Buchanan Burg,Scottbury,Pennsylvania,40547,167.511114,-64.5516305
James Jones,48,666 Wright Creek Suite 825,Brandonhaven,Pennsylvania,07436,-70.457554,-30.954690
Laura White,41,4367 Johnson Knolls,Angelahaven,Pennsylvania,29141,127.636734,-46.5168035
Mary Ortiz,56,6328 Brooks Rest,West Michelebury,Michigan,13603,-112.512495,18.159859
Jason Hanson,52,82425 Adams Loop,Cruzhaven,Illinois,86725,-157.101000,60.0493265
Jose Hughes,29,4530 Stephens Canyon,Port Scott,Illinois,30044,-130.041317,82.094635
Christina Torres,48,12733 Patrick Fords,West Michaelland,New Mexico,73792,140.158506,-33.3032565
Joshua Nielsen,80,833 Crawford Green,Briggsstad,Missouri,44607,153.397020,57.066775
Bethany Hamilton,67,5243 Janet Islands,North Nicholasmouth,North Dakota,64827,128.668999,81.9023675
Jennifer Foster,34,75421 Diaz Ford,Torreston,Connecticut,46915,39.419361,-55.4125175
Willie Ford,41,591 Danielle Well,Markfurt,Kentucky,45191,-107.718424,65.236458
Renee Clark,72,5121 Nancy Ports,South Brettfurt,Vermont,42454,165.247542,-80.5699875
Beth Pennington,80,08322 Nicholas Station Suite 914,Castanedaport,Montana,67593,-2.610105,84.829258
Matthew Wagner,64,091 Tracy Estates Apt. 795,Shelbymouth,Maine,96649,-107.866417,-9.395903
Louis Miller,49,35694 Natasha Station,Port Tammyhaven,Montana,66302,-1.274682,-31.743273
Jason Keller,79,88673 Eric Canyon,Port Linda,Wisconsin,46554,-148.880023,-54.661021
Stephen Smith,27,076 Nancy Village Apt. 940,South David,Arkansas,37349,-88.919389,-79.547425
Lisa Murray,38,6552 Linda Course,South Brittanytown,Idaho,05776,152.116086,-12.538180
Brianna Mack,19,255 Connie Forest,West Sheilaburgh,Texas,24965,-38.415314,-11.7389825
Frank Wilcox,26,0103 Steven Meadows,Lake Amberville,Arkansas,51253,73.470615,48.249654
Kevin Rivera,60,9485 Hicks Forge Apt. 092,Jonathanburgh,South Carolina,45016,-120.949594,81.8110495
John Richardson,46,8352 Jerry Village Apt. 987,New Kyle,Georgia,32146,155.939074,67.617374
Betty Kim,20,3309 Alicia Loop Suite 758,South Albertville,California,09659,40.320652,-54.4008865
Edward Castro,46,94860 Clarke Divide Apt. 976,Lake Adamstad,Wisconsin,93141,-175.010414,-0.766871
Scott Rogers,44,175 Thompson Heights,Bradland,Illinois,47784,-162.681799,47.858244
Jeremy Garrett,20,09437 Catherine Station Suite 652,North Melodymouth,Nebraska,10789,-6.180986,-40.6814065
Jasmine Stevens,55,211 Barnes Light,Johnstonmouth,North Dakota,16245,152.906113,71.8322115
Whitney Fernandez,78,0740 Shawn Avenue Suite 158,Lake Brian,New Jersey,94663,154.061218,-21.5837585
Haley Martinez,77,8297 Mcmillan Mall,Teresaside,New Mexico,54126,-26.282899,-53.641664
Stephanie Jacobs,46,657 Hansen Bypass Suite 525,New Katherine,Colorado,32127,-101.893099,43.558294
William Perry,45,2462 Flores Squares Suite 806,North Christian,Michigan,59657,-118.741252,-73.471741
Daniel Stevens,77,13512 Theresa Shoals,South Matthewside,California,22072,-63.128056,-6.479954
Jessica Giles,72,63063 Whitney Flat Apt. 408,Port Todd,Iowa,37451,129.265412,-52.3902725
Sabrina Franklin,76,718 Jeffrey Cape,Lopezville,Kansas,71422,110.945932,-73.289668
Eddie Quinn,22,269 Brown Wells,New Janet,South Carolina,62101,-54.965994,-35.705169
Luke Edwards,37,802 Vargas Walk,Montesmouth,Utah,21230,-57.954568,19.5226625
Cindy Price,37,1399 Mccall Point,North Dalefurt,Illinois,63900,170.319023,-27.7397535
Bradley Ward,62,782 Jordan Mission Suite 432,East Deanberg,Nevada,37364,97.591489,28.383752
Debra Morales,20,588 Boyle Glens Apt. 646,Shawnshire,Arizona,76948,59.442257,-76.7933765
Richard Boone,66,413 Smith Bridge Apt. 215,Emilyfort,Rhode Island,04807,89.145245,83.4319525
Julie Harmon,19,367 Dillon Ports,Andersonview,Maryland,50639,155.349844,42.723171
Shawn Schneider,67,109 Brenda Loaf Suite 986,Chaseland,Connecticut,87779,-6.334402,-89.007115
Rachel Taylor,62,4453 Brown Mall,East Haley,Alaska,75565,41.921946,-17.320022
Sherry Stewart,32,71853 Horton Meadow Suite 984,North Erichaven,Kentucky,62748,-154.386616,81.452067
Ashley Smith,29,99497 Gregory Village,Lake Anthony,Nebraska,04990,-69.079881,-50.5456625
Sandra Harris,50,179 White Roads Apt. 959,Port Cynthia,Wyoming,72096,65.768092,53.978785
Suzanne Reed,45,89262 Joanne Center,Lake Audrey,Maine,33725,131.747929,-24.6570665
John Jones,62,80515 Moore Neck,New Ruben,Minnesota,47373,-120.079019,8.7533165
Sharon Gill,69,476 Kelly Course,Millerstad,New Hampshire,35545,53.263181,-47.7175285
Andrew Dunlap,75,6013 Andrew Prairie,North Christopher,North Carolina,04348,-3.655650,56.7840795
Timothy Smith,79,908 Marshall Manors,Harrisburgh,Alaska,87539,79.579181,58.8684815
Donna Mcclure,71,8135 Pacheco Street,Arianamouth,California,46505,-110.141352,57.004098
Wesley Mason,33,78208 Janet Falls,South Stephenton,West Virginia,91267,-37.531651,-78.306425
Dennis Summers,28,06694 Justin Road,Stoneport,Maine,64604,175.352684,-59.617313
Rachel Moody,39,454 Jay Centers,Port Heatherville,New York,46849,-137.063549,-74.2529715
Rebecca Finley,47,085 Scott Parkway,South Jennifer,Texas,77845,69.426544,7.2853575
Megan James,74,12840 Lynch Squares,West Jamie,Delaware,51518,67.188912,18.0732435
Taylor Merritt,32,958 Craig Corner Apt. 364,East Rebeccamouth,Wyoming,35872,82.504191,75.632949
Carol Brown,33,561 Jones Passage Apt. 933,West Lisashire,North Dakota,96114,-170.803490,20.7056465
Amanda Gomez,53,3038 Shelby Pass Apt. 475,Burnsshire,Colorado,48166,-33.092451,-40.647863
Andrew Salinas,29,9580 Mary Heights,New Blake,Hawaii,13589,-157.862770,-56.565682
Charlotte Werner,42,9110 Bennett Falls Apt. 838,Lake Nathanmouth,Washington,39780,3.517351,0.993025
Kelli Kent,42,66515 Pope Brooks Apt. 381,Lake Susanborough,Connecticut,61664,52.254752,-60.844567
Teresa Wallace,53,39337 Marsh Summit,Port Jasonbury,Colorado,60871,42.899414,57.916466
Dylan Johnson,33,51928 Philip Alley Apt. 557,Jamesstad,New Hampshire,19947,141.024785,7.9041365
Nathan Allen,70,577 Janice Road Suite 835,Lutzstad,Illinois,48004,-63.356418,-86.1424235
Colton Vance,55,6465 Valdez Plaza,North Miguelside,Massachusetts,93790,146.844920,-56.827539
Jonathan Smith,25,47925 Cynthia Highway Suite 230,West Nicholasshire,Maine,91884,-161.167084,7.389862
Matthew Estes,44,6552 Jackson Rue Suite 659,Adrianchester,Wisconsin,72168,-176.673292,54.2012735
Joshua Adams,19,0169 Ryan Highway,Lake Christine,California,68718,178.890400,88.8190595
Stephanie Harris,20,058 Lance Lodge Suite 179,Curtisshire,Illinois,53678,-123.853477,-39.7973115
Michael Johnson,57,924 Castillo Stravenue,Rodriguezmouth,Ohio,47696,27.884286,76.2713785
James Hayes,66,33694 Padilla Circles Suite 574,West Mollyview,Missouri,48439,153.995833,-70.433389
Kimberly Harrison,39,765 Hall Park,Quinnborough,Nevada,59005,-42.033874,38.524531
Zachary Best,50,0848 Peterson Tunnel Suite 525,Port Whitney,Georgia,26323,-91.792228,-25.244533
Nicole Wallace,56,895 King Springs Apt. 245,Shaneport,Minnesota,60680,62.577974,27.526773
Shelby Nielsen,23,3438 Mason Freeway,Aaronside,Vermont,04706,-156.553734,69.7484755
Martin Long,54,478 Alice Brooks Suite 429,Lake Kelly,Wyoming,27312,-83.580215,-1.2328655
Misty Moore,59,47733 Roger Mountain Apt. 422,New Jonathanport,Alabama,72188,99.005504,-2.3609805
Taylor Warren,23,96776 Gonzalez Fields Apt. 547,Lake Marybury,Montana,06331,136.140558,-32.788407
Willie Acosta,68,196 Martin Stravenue,Clementsbury,Oklahoma,53644,165.478641,-66.9931575
Savannah Black,75,0968 Jeffrey Tunnel Suite 384,Allenfort,Ohio,32689,27.155614,-0.1883055
Dr. Marc Morse,74,334 Angel Place,South Meganchester,Connecticut,11922,-51.961306,-54.867841
Tim Willis,76,161 Jimenez Loop Suite 683,Kaiserberg,South Dakota,90667,-76.404971,25.479516
Maria Stout,48,215 Carrie Falls,West Ericaview,North Dakota,28630,20.520388,-4.474144
Kim Mclaughlin,31,642 Maria Dam Apt. 323,Kendramouth,Indiana,03759,-41.479699,-69.8471605
Karen Allen,46,44982 Lisa Islands,Feliciabury,Delaware,52131,138.418916,81.8769675
Jessica Mitchell,28,061 Atkinson Valleys Suite 674,Port Thomas,Idaho,37840,90.695531,-79.4152135
Krystal Cabrera,40,260 Jessica Glens Apt. 327,Destinymouth,Illinois,65676,-55.229361,46.7729155
Vanessa Smith,34,51485 Ayala Mews,Port James,Missouri,36123,133.827985,-80.0942875
Patricia Lewis,33,60587 Bryant Harbors,Lake Aaronborough,Delaware,80068,-153.402525,-66.2045175
William Lindsey,37,49045 Johnson Views Suite 888,North Duanemouth,South Dakota,45510,93.678333,-46.162970
Kim Howard,46,72062 Aaron Lodge,Arnoldfurt,Georgia,36874,-137.049260,61.5298875
Tyler Hoover,76,35977 Peter Shoal Apt. 531,Port Ryan,South Dakota,68288,-148.097753,17.1394745
Andrea Pearson,80,967 Austin Streets Suite 852,New Andrew,Maryland,12856,-167.598901,-59.076613
Corey Watts,59,379 Valerie Bridge Suite 725,Port Matthewmouth,Ohio,95340,124.782488,-39.3940635
Erika Mayo,21,555 Brianna Corners,Lake Andrea,Montana,37376,100.875328,6.5781495
Patricia Ramsey,45,00939 Graves Shoal,Jasonmouth,Oregon,24036,91.823690,52.9241185
Scott Edwards,67,002 Michael River,Susanstad,Pennsylvania,35519,-150.950622,-25.6580325
Kimberly Martinez,73,48337 Preston Avenue,Lindatown,Idaho,26517,151.362628,-14.518567
Brad Anderson,19,086 Hudson Passage Apt. 817,Jenniferton,Idaho,72302,33.779039,-61.7211495
Michael Garcia,37,4630 Anderson Camp,Gomezhaven,Minnesota,68257,89.976257,-39.045687
Justin Lara,69,756 Lance Branch Suite 706,New Michaelville,Wisconsin,93985,48.500604,61.061323
Sara Hunt MD,51,9910 Adam Crest Suite 995,East Douglas,Delaware,48563,11.959849,80.1112725
Nathan Romero,59,5755 Kimberly Estate Apt. 180,New Jerrychester,Michigan,40557,24.636114,28.794998
Ernest Mann Jr.,47,4646 Foster Ramp,Danielport,Utah,84021,150.982834,49.7502515
Tyler Davis,54,525 Kent Club,Brownburgh,Alaska,42137,-51.445663,41.7283995
Mrs. Kayla Gray,53,42952 Vincent Village,West Nicholasmouth,Kentucky,39591,-118.257951,-18.374582
Shawn Keith,80,01571 Dominique Tunnel Suite 536,Donaldstad,Tennessee,80861,126.387328,15.909078
Phyllis Mcdonald,19,07061 Charles Lakes Suite 498,Nathanchester,Vermont,02484,-57.306479,69.2274705
Lori Galvan,44,34340 Hill Track Apt. 939,West Mariah,Rhode Island,65970,137.502943,2.441790
Lori Taylor,39,03313 Boone Trail Apt. 154,Lawsonberg,Maryland,02023,-160.334733,-4.8330925
Christopher Jones,80,533 Cheryl Crossroad Apt. 953,Hawkinsfurt,California,33874,68.734163,46.3456495
Sally Jenkins,78,556 William Summit Suite 396,Christianbury,Arkansas,25217,-54.637059,-79.921580
Gregory Hanson DDS,25,34844 Henry Streets,West Emilyview,Idaho,60056,-1.555033,-35.658214
Ryan Harrison,42,762 Jordan Cliff Suite 221,Walterborough,Rhode Island,46487,27.788121,72.1305025
Samuel Yang,75,8818 Glenn Lodge Suite 518,South Amberstad,Wyoming,41972,-153.687177,-46.033513
Valerie Price,48,6985 Chelsea Ridge,Davidfurt,Michigan,28127,-166.032476,-37.396732
Todd Ayala,46,5318 Walls Wall Suite 488,Samuelmouth,Maryland,67561,144.308604,68.184871
Micheal Graham,67,51041 Thomas Grove Apt. 606,Chadtown,Alabama,89226,177.515678,-37.3148885
Matthew Wise,80,259 Hopkins Rapid Apt. 098,New Johnport,Rhode Island,08092,22.498926,-55.121935
Jennifer Lawson,19,86071 Corey Drives Apt. 514,West Amberfurt,New York,20816,115.046803,51.1513365
Nicole Ramos,63,64054 Martin Path,Riveraland,Wyoming,61575,113.544772,-16.2474935
Robert Porter,64,7238 Cynthia Turnpike,Port Ashley,Ohio,04056,153.804299,-43.9008085
Gloria Kennedy,64,35044 Christopher Forks Apt. 322,Lake Keith,Montana,75955,98.645739,-11.2466375
Katie Savage DVM,28,450 Allen Plains Apt. 572,East Jenna,Kansas,90914,-106.015107,-11.2379735
Patrick Preston,40,116 John Prairie Suite 961,Port Rosschester,Oregon,82191,-12.730868,-16.588756
Wendy Martin,57,37648 Vazquez Wells Apt. 865,Danielsbury,South Dakota,42393,-80.360967,33.030653
Pamela Burns,49,2651 Nancy Shores,Sanchezberg,Iowa,91625,33.973774,-10.832848
Danny Butler,25,34836 Duke Terrace,Moonville,Kentucky,79073,-41.003119,4.268587
Scott Kim,26,661 Williams Mountains,Whiteton,North Carolina,26735,-178.294488,-25.2180655
Sonya Pierce,64,93586 Andrews Way Apt. 308,New Kristin,Florida,35845,-87.996080,43.202629
Steven Nelson,33,583 Thomas Brooks Apt. 948,Anthonyville,Arizona,84734,105.197614,-50.815086
Michael Daniel,65,1892 Benson Shores,Stephaniefort,Alabama,24451,-122.219495,48.2363115
Stacey Morrison,60,195 Rebecca Track Apt. 742,Lake Michaelstad,Illinois,48479,-46.551516,-89.268954
Jacob Dalton,19,617 Hunt Run Apt. 954,South Andremouth,Wyoming,10475,48.003270,-81.796852
Wayne Olson,54,534 Joel Station Apt. 753,East Debra,Pennsylvania,20005,-107.578624,-85.2302635
Kimberly Grant,61,678 Lisa Pine Suite 887,Kathleenmouth,Minnesota,01420,114.156778,74.6289965
Michelle Marshall,61,686 Wilson Flat Apt. 294,Diazville,Nebraska,09594,101.980737,42.993662
Elizabeth Morales DDS,31,8767 Sandra Street Suite 389,North Kevin,Delaware,81894,84.247382,52.9642465
Michael Nguyen,53,360 Kennedy Villages Apt. 558,South Amandaview,Utah,75217,-3.446182,58.791999
Michael Brandt,24,55939 Nash Forks Suite 328,Lake Becky,Kentucky,95263,95.558930,-84.093136
Sarah Parker,43,56849 Kayla Greens,Wongville,Delaware,90724,-135.758132,-14.797389
Zachary Sanders,58,584 Camacho Manors,Geraldbury,Connecticut,47267,161.625300,87.3748165
Stephen Hanna,69,4294 Mccarthy Ports Apt. 342,Tonyton,Georgia,69723,-77.481034,39.404910
Ashley Mejia,42,9621 Richard Crest Suite 659,South Annetteview,Wisconsin,21149,-102.451295,74.7837415
Andrew Murray,51,52266 Amber Lane Suite 097,Port Kristi,Wisconsin,11179,151.999446,-61.985844
Michael Rodriguez,37,1502 Andrew Mount,Lake Haley,Illinois,44937,63.140709,48.8415405
Sharon Turner,78,4947 Angela Locks,East Jennifer,Delaware,57425,24.072827,-1.983626
Jennifer Mckinney,29,738 Porter Street Apt. 276,Debrashire,Montana,06950,48.914571,55.504650
Anthony Walker,69,6944 Brittany Mall Suite 456,Troyhaven,New Mexico,71634,86.011796,-35.301278
Olivia Huber,75,363 Lisa Estates Apt. 734,North Robertshire,Hawaii,89890,129.801535,-39.0847315
Richard Cruz,57,748 Lee Mount,Port James,Florida,45533,44.986285,-47.3959065
James Harris,43,114 Elizabeth Street Apt. 172,West Ashley,Florida,41331,-35.670295,-64.2532845
Joanne Harrison,32,255 Gilbert Union Suite 431,Heatherville,Minnesota,25391,154.362000,-31.100536
Joshua Schroeder,49,2903 Sierra Neck,Johnmouth,Idaho,44969,-13.844090,-48.854877
Sarah Wright,71,702 Barnes Trafficway Apt. 490,Stephanieton,New Jersey,51748,129.894069,24.506525
Ashley Kim,65,127 Angela Groves,Maryview,Montana,77491,162.529022,-76.810160
Ashley Ferguson,24,08831 Theresa Forks,Petersview,South Dakota,93346,47.542464,71.111998
Christopher Evans,52,8048 Lewis Dale Apt. 509,Benjaminton,Delaware,55994,32.557461,48.0261295
Tiffany Yates,19,500 Herman Islands Suite 659,Lake Andrewborough,Illinois,77813,163.873948,-87.9263015
Charles Lee,54,691 Jamie Lock Suite 592,Davidshire,Nevada,67785,50.411232,48.476727
Cheryl Thomas,43,030 Jeffery Branch Suite 793,North Benjamin,Tennessee,24196,-148.321251,-61.108351
Ryan Weiss,38,9248 Holly Lane Suite 155,Port Kimberlymouth,Mississippi,77113,65.032312,5.596317
Anna Strickland,65,594 Dominique Rapid Apt. 179,Lake Robert,Colorado,59397,86.700352,89.021707
Joseph Nichols,73,223 Jennifer Causeway Suite 217,East Juliemouth,Montana,08847,-118.851772,34.8535505
Christina Becker,58,2927 Anna Forge Apt. 549,East Julieshire,Massachusetts,43797,64.657542,74.0428175
Kyle Kim,21,5167 Shannon Garden Apt. 129,Normanport,New York,84813,-79.353273,-10.9709065
William Johnson DDS,27,034 Noah Underpass,Lake Daniellefort,New Hampshire,87167,-75.365499,-48.9409475
Robert Wood,68,9004 Williams Underpass,South Jenniferfurt,West Virginia,63454,19.608110,48.324802
Tanner Rivas,39,981 Julia Branch Apt. 428,Bryanthaven,Connecticut,62184,-36.875746,-79.787303
Tiffany Cisneros,65,9072 Jasmine Rue,Lake Heather,Mississippi,06545,-1.000880,-58.868740
Eric Smith,41,736 Sarah Falls Apt. 480,New Angelica,Indiana,12629,-94.310140,71.9757775
Casey Hays,77,921 Morris Lane,Goodmanhaven,Louisiana,20789,131.999879,-48.2556235
Daniel Gallagher,55,718 Mendoza Turnpike,Westville,South Carolina,97990,179.294654,-76.566079
Toni Marks,65,6826 Oscar Club,East Shannonfurt,Montana,03868,72.555126,68.495547
Kellie Lane,34,87244 Amber Mews Apt. 165,Emmamouth,Alabama,58291,144.151915,-3.5466185
David Ward,44,460 Jennifer Radial Suite 163,Copelandshire,Virginia,72802,56.470261,75.825169
Lance Scott,69,1988 Taylor Pines,Watsonmouth,Alaska,48405,-87.779127,59.547569
Benjamin Foster,29,6751 Carney Shoals Apt. 151,Lake Annside,West Virginia,66602,-179.388925,41.2126865
Jerry Williams,33,4621 Martin Valley,Morganstad,Missouri,79051,109.863100,41.9060695
Monique Morton,62,608 Kyle Landing Suite 378,Richville,Florida,84813,-6.322454,-82.526559
Stephen Peterson,48,2616 Moreno Court Suite 479,East Maria,Hawaii,20593,-92.736269,81.7991775
Larry Wang,65,2988 Atkins Fall Apt. 197,Lake Leahborough,Minnesota,94609,131.869267,-52.0599315
Carol Meyer,72,673 Jessica Harbors Suite 374,South Jamesview,Illinois,77521,-151.529483,-88.123248
Hailey Norman,24,2335 Alexandra Shoal Apt. 907,East Ericport,Nevada,02651,128.497173,-28.9736295
Jennifer Johnson,45,7828 Melvin Brook Apt. 021,South Sarah,Connecticut,06689,-15.663081,-11.481933
Jason Davis,63,59897 Jennifer Drive,Lake Christinemouth,Colorado,80391,143.572015,-23.863451
Michael Richardson,38,1639 Debbie Avenue,South Joshua,Tennessee,44433,-93.620353,-2.3669115
Tara Villa,75,99565 Crosby Forge Apt. 883,Jonestown,South Dakota,26153,0.695355,84.630021
Angela Barrera,78,59545 Howe Oval,Allenview,North Carolina,52365,149.224026,-37.461276
Jessica Smith,42,19767 Christian Mission Apt. 938,New Gina,Kansas,36142,-131.580989,-66.146401
Anthony Sharp,21,8661 Rogers Vista Suite 264,Lake Michellehaven,New Mexico,42039,35.901533,22.0550735
Melissa Mosley,55,4541 Patton Camp,Jenniferburgh,Wisconsin,99839,-161.920471,30.662333
Christopher Peterson,62,51718 Deanna Manor Apt. 626,Garciamouth,North Dakota,27456,116.618726,-40.889023
Calvin King DDS,49,986 Valerie Club,Lake Steven,Utah,86374,-32.794602,46.0411425
Elizabeth Fuller,77,810 Michael Causeway Suite 326,North Jared,Oklahoma,04878,135.304804,31.9820875
Lindsey Church,45,74503 Brandi Mall,South Markhaven,Idaho,78285,-151.214184,-67.278460
Christopher Wilson,24,72392 Smith Motorway,Port Keith,Missouri,51864,40.086705,-63.6401135
Andrea Weber,59,8879 Bowers Pine,Frostfort,Arkansas,59150,165.959836,43.4991405
Edward Allen,76,317 Richard Park,East Katie,South Carolina,33650,-50.089972,-48.4487685
Joseph Riley,73,722 Cory Haven Apt. 034,Gomezberg,Missouri,95516,53.659238,-34.141912
Andrew Miller,56,61243 Gabriela Cape Suite 600,Rileyberg,Idaho,03761,139.452114,-10.445422
Carrie Lewis,56,4041 Emily Mountain,Vazquezside,Kansas,82761,-111.400848,37.671031
Randy Miller,49,047 Kathy Vista Suite 907,Bergerchester,Utah,10876,153.704832,-15.6145675
Jason Perez,80,034 Graham Divide Apt. 822,Harrischester,Oregon,77680,91.170693,-14.0116625
Michael Thompson,78,71687 Anthony Mountains,West Rachel,New York,33540,-46.732372,81.8113785
Cheryl Davidson,66,1812 Johnson Orchard,West Michele,South Dakota,47587,169.370390,-76.099826
Dr. Steven Garcia,67,42026 Freeman Run Suite 081,Port Ryanfurt,Mississippi,90208,-156.253018,34.375746
Jeffery Crawford,62,9426 Austin Field,East Nicolemouth,New Hampshire,02289,14.305163,-50.6893625
Terry Lopez,57,79237 Blake Field Suite 297,Brentbury,New Hampshire,47934,87.862216,-61.2894965
Vanessa Graham,73,35977 Katie Prairie,New Brenda,Nevada,52825,109.528539,-12.1982945
Martha Meyer,42,2555 Smith Station Apt. 929,Christianview,Utah,44622,11.704881,-62.217652
Denise Tucker,52,3840 Cassie Trail Apt. 604,West Nathanhaven,Nebraska,99262,-177.831851,-65.9343635
Christopher Santana,20,43654 Anderson Knolls Suite 838,West Anna,North Dakota,51034,126.555436,-0.207720
Stephen Jackson,42,442 Riley Path,North Gregory,Nebraska,17798,154.940049,-88.5711375
Debra Thompson,43,9970 Joshua Station Apt. 811,New George,New Mexico,00844,137.242350,42.9755275
Paula Mills,29,466 Charles Hill Suite 078,Madisontown,New Jersey,19490,87.427934,41.292777
Gregory Clark,57,769 Porter Extensions,Port Emilyborough,Maryland,87564,-53.927017,75.7309175
Alicia Moore,39,6800 Jill Ville Apt. 234,Sheppardville,Iowa,28072,92.854013,19.7328945
Teresa Anderson,49,600 Jason Burg Suite 438,Lauramouth,Arkansas,94107,-173.467273,-54.9871375
Steven Ferguson,63,3896 Farmer Ville Apt. 995,Starkshire,Indiana,03372,-63.093367,79.9722945
Nicole Johnson,52,9470 Maldonado Shore Suite 613,East Donaldmouth,Wyoming,84536,165.633672,22.2863225
Misty Brown,51,85702 Patrick Stream Suite 834,Kurtbury,Alaska,45114,85.373796,-45.867843
Jacqueline Hill,69,3959 Brandy Summit,Mitchellstad,Georgia,71319,-90.182633,29.8608085
Jeremy Escobar,77,527 Roy Harbor,Port Nicholaschester,Connecticut,79722,128.630035,-62.039865
Ricardo Martinez,58,9216 Myers Divide Suite 147,Ericborough,Hawaii,16389,61.272984,-24.153726
Candace Lloyd,33,6451 Butler Via Apt. 232,Chandlerbury,New York,56769,144.505320,-12.087375
Amy Osborne,61,8603 Crystal Mill Suite 545,Vincentton,Kentucky,85754,135.650015,16.204823
Robert Wagner,49,160 Villanueva Mission Apt. 210,New Gregoryfurt,Idaho,38870,174.367570,-79.470600
Breanna Lopez,76,116 Sanchez Plains,New Rubenbury,Iowa,44817,-32.299877,55.404716
Bruce Lawson,46,3683 Jackson Gardens Apt. 205,Port Lauraport,Rhode Island,29318,173.741086,-32.8971495
Lisa Williams,56,7422 Mclaughlin Terrace,North Travis,Iowa,89697,-76.119033,38.314803
Hector Hall,69,3307 Mcconnell Road Apt. 787,Boydstad,Montana,17667,59.428862,18.8533295
Kelly Garcia,38,6109 Matthew Forest,East Dwaynechester,Maine,26777,-21.186106,-42.610536
Mr. Andrew Williams,49,71566 Wiggins Crescent Apt. 305,Samuelport,New York,68356,81.801494,-62.873008
Michael Barton,77,72353 Whitaker Plaza,Christopherchester,Utah,10467,-14.293009,26.4900775
Abigail Johnson,64,20994 Brock Corner,West Jennifer,Maryland,11830,141.917218,-2.547423
Amber Davis,41,81996 Smith Terrace,West Emily,New Mexico,05108,-73.237382,83.0370165
Joel Olson,64,445 Dana Plaza Apt. 373,Port Josemouth,Wyoming,31040,107.654853,41.818607
Cheryl Cantu,20,96171 Guerrero Cove Suite 588,East Jessicastad,New Hampshire,55433,148.634708,-73.724450
Blake Evans,53,862 Butler Prairie Apt. 750,Debrachester,Arizona,63927,5.114986,-87.730589
Emily Willis,65,4143 Heidi Creek,Port Tamarashire,North Carolina,10362,28.200069,-15.338131
Stephen Gomez,44,92473 Hays Crescent,West Misty,Louisiana,29683,-121.569274,-22.7500355
Crystal Morris,74,976 King Spurs,Jasonmouth,Pennsylvania,23675,59.251447,-49.448669
Bryan Francis,34,898 Spencer Common Suite 518,Stephaniestad,Georgia,42631,50.487320,-17.6792785
Amber Velazquez,48,70202 John Springs Suite 489,Port Leahport,Maine,99052,127.270358,-31.0520245
Sherri Lloyd,41,438 Angela Wells Suite 347,Marktown,Tennessee,64708,65.570081,32.5264645
Brandi Myers,52,70670 Samantha Square Apt. 025,Lake Christopher,Wyoming,47839,140.845735,-31.579479
Dawn Smith,18,22040 Timothy Ports,Foxton,Tennessee,36255,13.989272,-68.7418945
Courtney Browning,65,8141 Kendra Harbor Apt. 425,Odomshire,Connecticut,85183,-1.465197,-30.2771575
Paige Caldwell,74,475 Jones River,Mcgrathshire,South Dakota,65086,-147.636641,-15.262061
Vicki Edwards,60,5968 Terry Flats Apt. 242,Mcculloughview,Florida,79405,162.940963,80.511250
Jason Stone,45,5910 Cole Estate Apt. 052,Robertmouth,Michigan,05717,139.272937,84.5469385
Joseph Ruiz,40,1146 Sawyer Glens,East Jonathanmouth,Louisiana,52118,-139.587400,67.834691
Stephen Lopez,70,7984 Giles Ports Suite 731,Port Benjaminstad,Nebraska,57425,176.796078,-4.090622
Nicholas Lewis,56,31675 Johnny Extensions,Lake Lisamouth,Texas,44993,136.158358,-59.800219
Stephen Odom,51,2004 Silva Camp Apt. 089,Nicholasmouth,North Dakota,02098,-60.732517,66.2039975
Susan Smith,61,09526 Kennedy Keys Suite 378,West Ericberg,Louisiana,80634,-24.942337,64.2189505
Oscar Aguirre,50,54805 Debbie Skyway Apt. 959,Monroemouth,Utah,57274,-116.444642,-52.469394
Penny Butler,37,31451 Anthony Knoll,North Brittany,Louisiana,86977,146.184943,-43.525022
Tiffany Tucker MD,26,3093 Victoria Mountain Apt. 492,South Williemouth,Maryland,97300,4.629063,-62.7947945
Tammy White,54,69527 Silva Meadow,South Karen,New York,14925,162.772819,89.1290315
Ana Fitzpatrick,69,593 Bradley Stream Suite 940,Lake Gabrielleville,South Dakota,94771,-78.000722,-23.2453015
Darlene Williams,21,43521 Mendez Cape,East Nicole,Illinois,46115,157.893080,51.466007
Samuel Russell,31,01702 Larry Plaza Apt. 978,Taylorport,Virginia,02966,-152.159793,-74.348994
Thomas Cox,63,9461 Gonzalez Coves Suite 456,Snowberg,Mississippi,59027,28.758247,-64.229028
Rebekah Stuart,49,33138 Kaitlin Port Suite 136,Kimberlyview,Louisiana,94591,60.556159,-15.122290
William Stephenson,24,92381 Turner Isle,New Sara,Kentucky,04545,-87.807130,83.460624
Alyssa Miller,27,13073 Rice Parkways Apt. 864,New Michael,California,65195,-8.910979,-28.1265865
Jason Hill,75,1008 Nathaniel Course,South Mike,Texas,64855,148.839190,-49.082707
Matthew Valenzuela,39,9226 Vega Wells,West Kathleenshire,Delaware,28590,-145.218110,-41.2585425
Maria Robles,25,3285 Robinson Knoll Suite 807,Luisborough,Wisconsin,92139,-97.728575,-78.363433
Christopher Ross,53,66874 Smith Islands Suite 252,Jasonfurt,Utah,61820,-129.436710,-54.9950335
Paul Morales,45,54721 Ruiz Tunnel,North Jonathanhaven,Rhode Island,06166,-45.320771,80.493245
Mary White,58,56332 Wood Islands,East Crystal,Arizona,66036,-81.632430,77.772891
George Clark,58,5741 Heather Curve,Vegaville,Washington,34549,138.239770,-30.898978
Eric Smith,60,9849 Aaron Points,Turnerhaven,Wisconsin,26299,-33.122885,35.1366565
Jerry Branch,22,5592 Katelyn Parks Suite 594,North Aprilstad,New York,66228,43.888508,-28.034225
Julia Phillips,35,08102 John Plaza,Courtneyview,Colorado,23435,-56.139793,34.194694
Timothy Patterson,54,76566 Lin View Suite 578,Mirandatown,Indiana,57801,-97.942743,21.4604265
Brittany Robinson,80,2130 Amber Drive,Tylerchester,Alabama,92901,138.395762,-58.295835
Amy Massey,21,8212 Robinson Ports Apt. 427,Port Thomasburgh,Iowa,12156,72.245351,-74.4733835
Michael Bailey,53,354 Kenneth Parkways,Markbury,New Mexico,04664,57.143277,72.063144
Anna Sandoval,20,14394 Peterson River Apt. 262,Rodriguezville,Hawaii,41208,-80.443369,20.433669
Joshua Mclean,29,02803 Payne Drives,Joshuafort,Tennessee,65655,116.623163,65.597124
Emma Rowe,65,67563 Nathan Hill,Port Danamouth,Mississippi,80121,147.270938,12.1332915
Cynthia Anderson,73,9659 Anthony Square Apt. 386,Lake Yolanda,Michigan,31284,-126.056243,47.662456
Caleb Allen,31,0402 James Extensions Apt. 797,Karenton,Arizona,15384,126.267903,-44.044266
John Hill,21,91960 Caitlin Viaduct Suite 964,New Jason,Louisiana,01321,-88.458960,-6.9542005
Samantha Williams,34,7826 Brittany Rapid,South Edwardmouth,Alaska,36228,-173.452397,16.634846
Ryan Ruiz,64,101 Pena Ways Suite 513,Whiteburgh,Georgia,43214,97.739638,-62.925826
Chris Cook,75,7782 Brown Gardens Suite 981,Gregoryfort,Florida,16087,-119.481582,-35.8258355
Dr. Travis Dean,69,3736 Luis Gateway,Abigailtown,North Carolina,74782,-87.642895,79.422177
Kim Cole,28,2942 Amy Rest,New Sara,New Jersey,56306,-66.031120,-13.998248
Sarah Conner,48,8336 Terry River Apt. 689,Suttonfurt,Minnesota,18231,-152.388058,6.2189215
Carl Hatfield,22,350 Juarez Avenue,Lake Stephanie,Utah,58112,171.520331,-81.4918435
Caitlin Collins,64,203 Rodriguez Manors Suite 047,North Jennifer,South Dakota,83014,98.090300,20.782117
Destiny Cooper,55,1301 Kathleen Parkways,Lake Sharon,Delaware,10273,-64.507447,51.387440
Laura Camacho,75,170 Mary Parkway,Shannonburgh,Mississippi,31522,-153.136715,-78.7090155
Rodney Pena,74,22718 Stacy Common Suite 613,Donnaville,North Carolina,99238,160.934721,25.2307385
Brandi Alexander,37,57119 Daniel Junctions,West Maria,Washington,29159,149.811469,15.639893
Kelsey Anderson,69,9499 Robinson Drive Apt. 369,South Dawnbury,Virginia,45605,-41.621557,43.3268545
Michelle Eaton,55,3233 Pearson Trafficway,South Laura,Idaho,57963,-142.957066,54.455024
Christina Moore,73,995 Barton Point Apt. 948,Vazquezbury,Arizona,81976,-162.034190,3.206945
Stephanie Coffey,46,851 Daniel Ville,Batesfort,Oklahoma,49730,158.441480,-52.2957265
Maria Hill,26,77416 Barnes Ports,West Dennis,Nebraska,78973,38.428634,49.374171
Taylor Lewis,67,0279 Welch Junctions Suite 924,Taylorstad,Texas,72658,-165.981543,16.4081025
Patricia Smith,71,2887 Michael Villages Suite 382,Port Joshua,Wyoming,32855,-118.846094,44.136288
Mary Edwards,52,42515 Sarah Road,Garciafort,Wisconsin,73784,174.309269,66.4254605
Michael Richards,65,678 Kara Ranch Apt. 027,West Rebecca,Utah,58033,158.363233,-40.5398545
William Mason,59,95767 Evans Glens,North Justin,Maryland,60596,-59.705774,-2.7457225
Rebecca Clark,23,8810 Hensley Turnpike,Alexisfort,West Virginia,20244,-127.431479,30.6792005
Kristina Robinson,75,619 Melissa Common,Teresahaven,Minnesota,48971,22.829776,68.114092
Joseph Hart,35,5695 Christopher Plains,Nathanfurt,Illinois,64295,-79.634634,-55.543659
Robin Rogers,57,008 Pineda Stravenue Suite 064,Lake Lorichester,South Carolina,74511,132.430953,56.913112
Diane Jacobs,67,1745 Gay Avenue Suite 601,North Toddport,New Hampshire,12324,168.571520,-21.213374
Andrea Wheeler,67,92796 Terrell Points Suite 692,Lake Jacobburgh,Louisiana,84313,17.860988,87.637746
Wendy Bailey,42,90519 Brittany Lock,West Robert,Michigan,42841,-54.947313,88.356170
Carolyn Flores,26,034 Anderson Field,Gutierrezville,Massachusetts,70621,-12.930369,32.383250
Melissa Moore,26,34576 Wyatt Haven,West Michaelstad,Oklahoma,00724,131.024363,-22.5968025
Caitlin King,19,00176 Lindsay Track,New Chadchester,Indiana,57168,154.762159,66.0633395
Albert Schroeder,55,97353 Shea Glen Apt. 898,Brianton,West Virginia,27416,-14.426640,-12.078483
Erica Nguyen,77,32282 Jacob Throughway,East Susanmouth,Illinois,57403,166.937342,69.552030
Fernando Smith,28,806 Rodriguez Walk Apt. 183,Port Anthony,Hawaii,73470,94.985490,41.537715
Nicole Chan,38,4169 Lucas Trace Apt. 785,Hardyville,Kentucky,75953,1.683030,43.0284455
Erica Wells,20,735 Jill Point,Whitneyhaven,Wyoming,88537,148.507637,-65.4205025
Paul Smith,35,7368 Crystal Route,Sandrashire,Arizona,49742,-143.389719,88.2696325
Joel Williams,38,66225 Guerrero Fields,Karinaton,Kansas,44342,105.509947,65.5596025
Brendan Kennedy,54,480 Michelle Alley,Williamport,Georgia,78921,-33.755467,25.744046
Nathan Young,69,9777 Mccarthy Rest Suite 180,Juliatown,Oregon,19397,-33.790723,24.3556535
Julia Thompson,49,709 Brandon Light Suite 599,East Samuelborough,Idaho,36463,-53.324652,-51.181598
Kristi Peterson MD,66,1137 Edwards Row,Davidberg,Tennessee,90519,-131.549907,60.4139895
Carolyn Manning,60,4358 Mathews Ford,Baxterside,South Dakota,83270,-128.183378,4.3703505
Theresa Smith,52,867 Howe Knolls,New Anitaland,Oregon,88758,-106.279315,-49.534132
Jacob Robertson,63,884 Williams Common Suite 891,East Juan,Idaho,94055,-43.702842,-50.2598645
Vanessa Brown,49,25893 Mark Extensions Apt. 060,North Johnberg,Minnesota,43664,-58.575886,72.6769615
Jeremy Lowe,76,533 Jesse Wall Suite 635,Jameschester,California,90114,-86.203235,87.420110
Steven Hernandez,78,767 Daniel Stravenue,Blakestad,Montana,10066,154.840878,45.9385765
Brittany Jacobs,78,035 Walker Lakes Apt. 142,West Ashley,Indiana,87671,-126.053618,-72.782993
Curtis Krause,22,642 Jonathan Ridge Apt. 502,Johnstad,Texas,05580,127.262469,-51.6396615
Joshua Miller,23,82711 Jimmy Dale,Smithtown,Pennsylvania,55136,51.849823,-13.7000795
Katelyn Bell,78,495 Edward Corner,Catherinefort,Texas,12307,-29.545817,-39.158651
Vincent Vincent,64,79019 Gonzales Flat Suite 035,New William,Georgia,13526,177.146482,-19.0376755
Jon Mcdaniel,68,8091 Rodriguez Course,Turnerstad,Georgia,29151,-145.727342,-18.1498055
Andrea White,73,9746 Arnold Burgs,Port Deborahburgh,Virginia,48479,-28.444037,79.520452
Francisco Harris,48,07464 Cooper Harbors Apt. 812,Banksfurt,Mississippi,57941,-10.254425,-77.891763
James Allen,27,671 Angela Mountains,Nguyenville,Alaska,49018,33.786326,42.6994405
Richard Garcia,50,70827 Petersen Ways Apt. 853,Ingramview,South Carolina,88883,-98.418566,39.474808
Kathleen Robinson,56,531 Booth Bypass Suite 857,North Crystal,Oklahoma,28631,-66.334996,-73.8336645
Brandon Harris,38,62969 Paul Drive Suite 346,Richardstad,Florida,29867,72.340034,14.514306
Karen Calhoun,44,92314 Nancy Cliff,North Brandonstad,Texas,67287,9.875590,77.198455
Hannah Hall,19,54524 Walker Tunnel Apt. 764,Rachelberg,Minnesota,96820,-56.684719,-20.920560
Russell Boyd,27,62056 Matthew Glens Suite 945,Thomasside,Idaho,83227,29.288615,-66.6399725
Albert Conway,58,7774 Paul Cove,Clarkeland,North Carolina,33465,126.957875,25.4683045
Christine Anderson,79,2842 Bailey Square,Rodriguezberg,West Virginia,92031,178.503867,53.908941
Andrew Williams,49,0515 Rodney Manor Suite 859,Marshallton,Alaska,60472,-67.209211,-84.0603175
Johnny Cantu,70,063 Leslie Stream,Port Yvetteton,Oklahoma,33362,47.072999,34.840568
Darrell White,23,24640 Krystal Wall Apt. 167,Munozchester,Missouri,62539,-1.822817,38.3632435
James Murphy,26,4641 Baxter Streets Suite 470,Collinsmouth,Tennessee,52401,-39.896752,-15.201868
Donald Russell PhD,75,83204 Orozco Junction Apt. 439,Nunezburgh,Washington,64626,152.045557,49.3727635
Shirley Willis,51,9291 Emily Shores,Lake Ashleyville,Alabama,22651,27.559017,85.623674
Carolyn Hale,19,443 Jimmy Mount Apt. 682,East Juan,New Jersey,02548,-66.350384,0.624348
Deborah Bennett,50,14524 Martin Oval,Port Danielleport,Indiana,40433,-143.145900,-3.185271
Barbara Hicks,70,43155 Kevin Lodge,West Garrettchester,Indiana,46059,4.484710,-28.520398
Courtney Flores,77,2480 Joseph Streets Apt. 710,Kimberlyhaven,Mississippi,04978,-15.295086,44.3184565
Matthew Williams,40,072 Kimberly Plains,Port Dominic,Oregon,12989,-103.836463,-81.0624845
Melinda Little,69,307 Joseph Circle,Hamiltonmouth,Wisconsin,73519,166.560767,44.9525415
Traci Neal,78,436 Nicole Radial,Lake Darrelltown,Hawaii,06055,-99.726555,36.5910325
Alexander Carrillo,56,4433 Morris Route,East Summer,Ohio,59907,54.704277,-49.4132235
Mary Ware,44,18707 Jennifer Mountain Suite 489,Jasonborough,Utah,35273,-102.279923,-1.424632
Robin Harris,78,5854 Hanna Throughway Apt. 193,Hernandezland,South Carolina,08290,-147.509000,39.564218
Miguel Harper,44,695 Alexis Landing Suite 699,Lake Kathleenland,Utah,07501,4.415307,-58.0240985
Jessica Grant,47,660 Lane Hills,Payneland,Ohio,38400,-40.791906,-81.747591
Paul Harrison,26,60556 Jennifer Rapid,Lake Danielhaven,California,61260,166.881283,-43.556513
Noah Cruz,27,398 Nicholas Fords Suite 865,Marytown,Tennessee,89896,48.646820,4.3382565
Kristen Porter,78,9662 Michael Fall Suite 333,Danielchester,North Dakota,00622,72.012717,-80.7429925
Kevin Smith,47,18960 Palmer Extensions Apt. 522,East Chadport,California,62083,-39.542496,-60.4673835
Jaime Craig,29,347 Daniel Rapids,Julieland,Wyoming,57586,-61.236683,-8.2417745
Samuel Bell,50,9544 Danielle Place,New Conniestad,Louisiana,86383,-10.536667,-27.677264
Brian Morrison,29,1662 Baker Squares Suite 131,West Stacey,Minnesota,63599,-39.046940,79.920461
Michael Harmon,26,8674 Carmen Plain,Davisfort,Wisconsin,39340,-116.347568,-89.6744525
Melissa Caldwell MD,77,085 White Passage,Josephhaven,Ohio,28380,-82.083967,-45.6956125
Lisa Ross,70,559 Atkins Spring Apt. 721,East James,Georgia,20896,107.746552,24.0525985
Jessica Simpson,46,76814 Anita Ports,Michellebury,Wyoming,39874,-125.371087,77.1310805
Sherry Phillips,63,27812 Cooper Via Apt. 657,Howeville,Arkansas,14002,-49.819758,15.780350
David Tanner,76,38021 Danielle Lock,Alexandriaborough,Washington,10248,-21.015737,35.183190
Nichole Leach,39,9062 Peters Green Suite 167,Jeffreymouth,Louisiana,25557,-74.883135,77.7878325
Daniel Andrews,51,6919 Vasquez Road,West Timothyberg,Kentucky,15030,125.553273,11.644630
Judith Smith,29,6909 Adam Ford Suite 733,Oconnellshire,Washington,40203,152.967127,15.738964
Briana Wright,24,4720 Bell Roads Apt. 033,West Andrewburgh,Mississippi,28497,-75.395797,15.404427
Tiffany Shea,65,531 Alicia Plains,Lake Victor,Kansas,40063,-152.774299,-87.263440
Paul Lopez,21,374 Hunter Drives,Williamsmouth,Tennessee,45872,22.620201,73.151259
Justin King,64,339 Thomas Mall Suite 385,South Valeriestad,West Virginia,14466,-39.997636,74.0277815
Ann Hall,47,24208 Cody Crossroad,Jeffreyport,Hawaii,49519,116.357837,-29.1845325
Mark Oliver,38,338 Brown Lights,Lake Albertside,Minnesota,66222,65.475485,-11.903326
Sherry Mclaughlin,63,8233 Rita Island,Lake Janice,Connecticut,85845,129.062064,-51.7572465
Kim Vasquez,73,983 Gloria Glen Apt. 787,West Keithton,Minnesota,43550,39.506080,25.4010235
Theresa Gray,41,936 Baker Extension,North Jorgehaven,Utah,95321,86.054589,16.9615555
Javier Rhodes,51,36197 Cheryl Underpass Suite 344,West Sarahville,Oklahoma,22514,-149.078050,83.8778365
Emily Carter,40,4323 Davis Islands,Hannahville,Iowa,14416,-119.764714,-15.2746105
Christine Wallace,31,2481 Jack Mission Suite 647,Edwinfort,Kentucky,79092,-69.577486,-86.412539
Molly Johnson,22,506 Miller Court Suite 945,North Rebecca,Louisiana,19870,-42.447062,-25.398274
Dale Hernandez DVM,65,4335 Christine Overpass,Johnsonburgh,Rhode Island,19377,49.616968,16.969689
Carlos Wong,76,611 Nelson Point Apt. 520,Kathrynhaven,Nevada,23798,173.158715,1.5022405
Brittany Lara,45,27699 Townsend Cliffs Suite 682,New Kenneth,Vermont,10194,-126.174214,-58.936912
Nathan Gonzalez,53,35198 Duncan Ranch Apt. 095,North Alexandrahaven,Virginia,88331,62.525894,35.148093
Joshua Harrison,48,9774 Roberts Well,Port Cassie,Arizona,20854,-134.997634,-54.3062535
Joel Thompson,35,433 Mendoza Road Suite 638,Stephenbury,Virginia,71780,-48.037949,44.307451
Luis Adams,61,08604 Ford Estates Suite 163,Loribury,Massachusetts,98823,-151.647525,-69.718300
Jeremy Black,38,30132 Angela Turnpike Suite 591,Bryantstad,Arkansas,58392,20.409138,73.303451
Linda Fitzpatrick,40,000 Scott Pass,Katherineberg,Maryland,26417,113.743330,78.3714195
Jerry Henry,36,23588 Reyes Flat,Port Johnville,South Carolina,90046,-88.264709,-63.011808
Elizabeth Murphy,33,811 Michael Skyway Suite 201,North Amberside,Alaska,88853,-131.247535,48.399123
Thomas Nguyen,21,53975 Beasley Tunnel Suite 857,Williamchester,Alabama,78493,141.659793,24.6814305
Donna Steele,58,1836 Dana Corner Suite 656,Codyfurt,Vermont,88724,119.732239,-5.4226065
Jason Lester,28,2271 Cody Street Suite 350,Joshuaview,Michigan,05647,139.074955,63.1195065
Michelle Jones,80,731 Marcus Cove,Millerfort,North Dakota,79907,38.858024,-44.9997755
Samuel Williams,63,00692 Katherine Square,South Mariastad,Arizona,95507,34.993234,12.114021
Brent Marsh Jr.,77,9626 Montoya Falls,Phillipbury,Ohio,20245,-46.753263,43.3402895
Steven Cooley,21,1517 Liu Plains Apt. 743,South Brittanyberg,Michigan,97576,-173.945821,-50.477851
William Holt,28,1177 Brad Plains,Valdezton,Montana,63855,-36.193044,-89.7339285
Kathryn Myers,20,3237 Annette Meadow,Hobbshaven,Georgia,62315,-119.450105,-51.378720
Sarah Thomas,25,779 Timothy Island,East Marieport,Pennsylvania,13747,67.239057,10.797467
Kathy Mcconnell,45,231 Monica Lock Apt. 321,Morganland,Pennsylvania,80157,-39.066860,2.665424
Russell Lynch,20,3484 Marcus Passage,Port Michael,Maine,26143,-173.170821,-50.479940
Kirsten Ellis,57,8083 Garrett Mission,Lake Laura,Georgia,52431,-18.002008,-33.8730005
Colleen Nelson,37,24727 Watkins Extensions Suite 372,Chelseyborough,Louisiana,57322,84.725869,-24.792637
Mary Jones,55,4905 Moore Village Apt. 729,Reedburgh,Pennsylvania,82844,79.175299,-27.085255
Guy Murray,56,35897 Joshua Roads Apt. 585,North Brandimouth,Washington,32549,135.721541,-11.696024
Jeremy Patrick,36,9762 Joshua Roads,West Robertburgh,Ohio,99797,58.343836,-82.3172695
Sean Evans III,67,845 Wilson Station Apt. 039,Patelland,Texas,83153,-119.517349,-76.412390
Linda Miller,55,47065 Olsen Landing Suite 561,Smithport,Arkansas,09011,57.030763,-84.3726885
Ronald Turner,36,039 Suarez Green,Lake Alisonland,Oregon,69644,177.065483,50.297300
Dr. Michael Webb,69,6670 Julie Squares,Port Stefanie,Pennsylvania,24215,-14.534558,-46.074813
Katherine Lindsey,61,829 Richard Road,Lake Maria,Wyoming,39683,-20.900348,-52.0082915
Joseph Mcdonald,63,7693 Leroy Parkway,North Dakotabury,Oregon,52029,24.079575,-39.897336
Mary Eaton,48,3740 Todd Path,Brownstad,Utah,82226,4.309528,55.8290885
Dennis Brown,39,170 Robert Well,Sherifort,Kentucky,02650,109.096980,-57.730592
Stephanie Williams,24,02304 John Road Apt. 054,Port Sonyaberg,Massachusetts,74399,170.509452,-85.3391535
Natasha Casey,27,118 Patterson Corner Suite 429,Hansenbury,Oklahoma,75077,-112.369910,-68.2679795
Carla Spence,21,0050 Schneider Circles Apt. 552,Walshmouth,North Carolina,09272,163.499346,-14.7830055
Christopher Lee,65,9060 Darrell Wells Suite 988,Port Justin,Mississippi,49563,56.010478,-66.1410375
Brandon Walter,75,87060 Danielle Ford Apt. 354,Millerburgh,Tennessee,17180,21.203898,-26.608363
William Gregory,72,56854 Leslie Green Suite 926,North Coleville,Utah,68353,4.924256,42.9076245
Joseph Larson,27,44774 Mays Valleys Suite 738,Gravesland,Pennsylvania,24585,48.264345,-53.4093025
Danny Brown,47,394 Bobby Drives,East Christopher,Tennessee,15467,57.763491,51.7026305
Sherry Martin,66,59945 Pena Shore Apt. 279,New Andrewtown,Delaware,20572,99.171357,44.101438
Joseph Berry,63,12144 Reed Harbor Apt. 126,West Staceyborough,Wisconsin,92330,-5.781187,67.3537905
Stephanie Matthews,45,3515 Thomas Street,Richardfurt,South Dakota,72487,-21.785648,89.3253905
Christina Roberts,18,176 Megan Cliffs,West Megan,New Mexico,86754,76.055969,3.957170
Ray Olson,20,82610 Juan Spring Suite 294,Brookefort,Colorado,04185,6.248068,-6.0610245
David Jackson,53,1045 Christopher Ranch,Hillfurt,California,09164,-77.086276,70.7968215
Jeanette Gomez,51,8632 Jacob Inlet Suite 163,Bushchester,New Mexico,35343,9.219232,49.928085
Ryan Thomas,20,3682 Henry Extensions,Alexisberg,Georgia,12367,14.239719,9.2023505
John Conner,76,153 Kristina Junctions,Garciachester,Texas,64426,145.520111,8.827815
Kara Cardenas,42,790 Davis Valleys,Lake Heather,Louisiana,37850,104.813712,75.436778
Jeremiah Sanford,21,059 Nicole Trafficway,South Shari,North Dakota,80426,-69.087660,57.8038995
Bobby Harrington,42,248 Jennifer Cliff,Markstad,Illinois,27613,128.001998,29.9490455
Micheal Kirk V,18,75996 Ian Union,Timothyhaven,Nevada,35736,-121.621061,9.990451
Terry Reeves,27,166 Michael Estate Apt. 950,Harveyfurt,Florida,80499,-173.139165,61.306013
Tiffany Peters,21,19438 Hayes Squares Suite 623,Christopherport,New Mexico,43616,155.927305,57.9899865
Dr. Wayne Mitchell,44,92090 Wright Islands,Evansmouth,Iowa,24481,14.194133,29.149001
Judy Pruitt,30,905 April Divide,South Scott,Missouri,21023,116.883378,-2.6441595
Michael Johnson,30,9626 Horton View,Mercerburgh,Indiana,58365,-2.346234,14.1316845
Leslie Perry,78,029 Walls Viaduct,Lake Teresamouth,Utah,40257,-171.503033,-35.509480
Tyler Johnson,60,33022 Becker Drives,South Michelle,Washington,88014,-38.814179,58.428062
Scott White,65,40019 Mcmillan Wells,East Raven,Florida,75210,77.579517,68.572091
Kenneth Klein,57,8668 Dennis Island Apt. 856,Port Madison,Oregon,64747,-136.640318,-83.8470115
Robin Murphy,36,5227 Sarah Crossroad,Barrymouth,Wisconsin,28367,77.281575,75.844025
Laura Brown,76,44289 Goodwin Knoll Suite 700,East Briannaville,Connecticut,00780,137.933496,31.6202385
Jacqueline Rose,47,079 Ramirez Haven Apt. 703,West Tiffanyview,Alabama,83252,5.513558,12.533283
Brittany Todd,78,34531 Miranda Mountains Suite 767,North Angela,Tennessee,19176,-15.691270,64.688875
Christopher Rivera,75,08744 Ward Mountains,Randolphmouth,Massachusetts,10307,19.807898,-46.6080705
Carlos Hatfield,32,3745 Vance Trafficway,Lake Christopherfort,Alaska,63629,131.490678,23.988526
Craig Robertson,22,1000 Hall Knolls Apt. 958,Vickieville,Wyoming,34562,106.820182,60.6122445
Charles Payne,36,167 Rivera Trail,Thomaston,Connecticut,31294,-62.763357,-52.073476
Michael Bennett,25,647 Andrea Glen,Michelleport,Florida,82189,-127.265005,-1.360840
Denise Murphy,69,82291 Jackson Crest Suite 895,East Amy,Texas,34299,-49.698823,-29.1364405
Sheryl Reyes MD,75,4095 Donald Street Apt. 073,New Janet,New York,14380,-158.033326,88.639060
David Todd,44,634 Bell Stream,Lake Sarabury,Wisconsin,11216,170.706128,29.0332545
Samantha Crawford,24,3763 Martinez Trace,Hillchester,Wisconsin,38178,56.925407,-40.9108665
Michael Austin,42,0687 Faith Coves Apt. 677,Michelleburgh,North Dakota,27102,-142.562581,-82.841471
William Russell,38,410 Sylvia Cape,North James,Iowa,32385,-97.146586,-15.1228915
Matthew Smith,46,1116 Zachary Branch Suite 685,Port Franklin,Massachusetts,32063,136.066416,67.2005635
Kenneth Hutchinson,26,2233 Watson Land Apt. 518,Brianburgh,Iowa,75519,114.516970,-66.3863905
Andrew Oliver,69,79031 Ian Heights,Johnsonville,Maine,71994,-80.448562,47.2496585
Travis Erickson,49,85153 Steven Field,South David,Mississippi,39510,-77.659804,-60.217128
Anthony Adams,76,08165 Romero Forge,North Robert,Massachusetts,70509,-16.942097,42.338300
Heather Simon,29,800 Maxwell Pines Apt. 595,New Nicholas,Indiana,89634,98.151561,83.4727185
Mr. James Carter,73,83034 Young Circle,New Bradley,Ohio,54323,-129.986714,-36.979400
William Small,29,56640 Kenneth Ways Suite 405,East Lindsey,Maine,91082,65.656070,66.783388
Amanda Moore,24,94450 Morris Dale Suite 714,East Nicholasbury,Arizona,53109,162.825901,47.7242295
Kristen Morris,31,07592 White Cove Apt. 344,Scotttown,Massachusetts,73805,-55.864631,-62.188089
Juan Roy,34,424 Debra Lock,New Martha,Hawaii,31871,119.295454,-54.525274
Kenneth Rhodes,78,33868 Garcia Estates,Flynnton,California,67050,-122.076460,-83.027913
Ashley Ramirez,42,7821 Gonzalez Rapids,Stevenchester,Rhode Island,88668,31.469641,-88.1837935
Pamela Avila,80,11150 Clark Lake,Melindaton,Maryland,16678,179.128777,-3.569691
Jeffery Buchanan,45,07829 Jacob Loaf,Lake Curtis,Louisiana,80014,-50.524167,-64.412957
Larry Williams,79,52198 Laurie Lock,Diazburgh,Hawaii,29241,-108.987969,22.0463525
Dr. Darrell Delgado,63,5861 Kennedy Greens Suite 969,West Joseph,Ohio,43616,4.092053,-1.5250445
Michelle Washington,75,5658 Warner Junction Suite 583,East Tracy,Missouri,34992,-11.288722,-5.7424325
Brian Price,29,34459 Thomas Forest,North Adam,Rhode Island,27465,96.403355,-89.0740715
Victoria Gomez,32,8270 Bryce Expressway Apt. 982,Port Laura,Utah,65551,-90.521739,-1.786823
Caroline Wolfe,18,76527 Anne Points,North Codyton,Mississippi,18540,-104.186564,88.497234
Timothy Williams,80,846 Patrick River Apt. 224,Reyesport,New Hampshire,69233,-15.553463,-25.7404745
Holly Wagner,42,151 Winters Vista,West Mark,Alabama,09144,127.142714,18.127192
Randall West,71,619 Walker Mews Apt. 629,Smithville,California,90642,108.686123,-25.0799165
Hunter Trevino,63,92289 Corey Spur Suite 040,Port Charles,Vermont,94875,87.563698,71.6710315
Michael Barnes,45,35972 Rose Extensions,New Tonyville,North Carolina,84072,-149.002931,-56.048978
Carol Collins,71,52646 Christopher Roads Suite 974,South William,Idaho,44418,60.759798,72.575243
Morgan Rhodes,60,49717 Foster Gateway,Hardingshire,Nevada,43068,-105.472307,-88.860050
Sara Haynes,46,40698 Tara Lights Apt. 112,Kevinton,Delaware,65097,153.498933,4.690627
Joseph Rose,46,842 Goodwin Inlet Apt. 897,Wendyfurt,Missouri,98276,-145.806585,0.6073535
Brian Francis,35,833 Alec Circle Suite 403,Scottside,Ohio,80667,-14.395046,17.149596
Timothy Gomez,61,023 Kathleen Union Suite 620,Jonesshire,North Dakota,23215,151.093847,0.0130215
Lori Faulkner,65,5684 Foley Turnpike,South Timothy,Connecticut,90585,-152.146449,-33.864282
Nathan Anderson,27,59144 Lisa Fort Apt. 192,Wellshaven,North Dakota,98808,-72.386041,70.6008475
Tyler Gross,20,37566 Donald Isle,Destinyfurt,Tennessee,77746,43.618375,6.1566255
Rachael Delgado,45,70850 Susan Crest Suite 537,Lake Peterville,New Jersey,90722,98.873881,-80.387501
Briana Zavala,53,013 Bradley Trafficway,South Juliehaven,Maryland,62353,-45.586986,71.5872135
Megan Nguyen,64,508 Goodwin Estate,North Pamelatown,Texas,25075,136.479374,2.0405585
Hannah Vazquez,18,53038 Esparza Square Apt. 163,East Terrihaven,Tennessee,58050,-177.368521,26.110346
Connor Fisher,50,6834 Rodriguez Cliffs,Shortshire,New Jersey,84808,-172.966196,-79.6784095
Michele Mcdonald,58,48093 Mary Mount,South Maryhaven,Idaho,62556,98.837191,-61.7994355
William Goodwin,47,984 Paul Trace,Lake Erik,Texas,11566,-170.788006,25.841084
Benjamin Santiago,32,591 Robert Turnpike,New Francisco,Montana,86226,-1.966502,8.930095
Deborah Berry,21,322 Amanda Vista,New Jennifer,Nevada,40528,158.470424,70.0175905
Margaret Turner,54,5230 Ortiz Bypass,North Jenniferland,Idaho,27569,-39.274840,11.223297
Christina Hernandez,38,202 Phelps Plaza Apt. 011,North Jonathan,Maryland,02714,99.738682,55.3493335
Jacob Copeland Jr.,74,1437 Garrett Freeway,Gallaghertown,Kentucky,32999,-68.179613,15.218250
Jill Wilson,29,42635 Johnson Fork Apt. 057,South Kevin,North Dakota,22413,80.552902,-46.2618845
Jennifer Patton,64,8608 Bennett Estates,Pageberg,Montana,25515,-55.535496,25.255870
Bryan Mclean,35,5478 Salazar Spur,North Ronaldstad,West Virginia,43517,-76.645524,82.366794
Jennifer Frank,69,1478 James Lake,South Christy,Texas,02510,49.721199,-88.8750655
Joseph Davis,63,5569 Jefferson Drives,East Diane,New Jersey,53721,-66.624571,12.9144655
Micheal Sanchez,26,43881 Ronald Crescent,East Theresa,Ohio,27753,165.606994,10.2460615
Brandon Morales,43,384 Hill Run,Ashleyburgh,Vermont,61525,-129.949525,-53.682306
Jennifer Parker,30,816 Foster Walks Suite 746,Turnerton,Massachusetts,44635,-82.437578,-24.537149
Angelica May,43,1562 Victoria Mountain Apt. 601,Ramirezland,New Jersey,48910,-107.262152,31.590667
Amy Craig,23,04261 Thompson Glen,West Traceytown,Delaware,29053,-112.596883,45.594895
Gregory Lucas,79,488 Davis Springs,New Justinfurt,Hawaii,90744,-48.956074,-17.7105195
Jillian Gonzalez,21,74608 Day Radial Suite 271,Williamsport,Louisiana,97729,-104.014724,-22.5810735
Gregory Romero,40,0107 Maria Garden Suite 327,Lake Eric,Delaware,37879,4.507274,27.073589
Audrey Davidson,65,55200 Hernandez Shores,Lake Deniseview,Ohio,25998,-75.473240,74.4664625
Kathryn Banks,24,381 Jeffrey Orchard Suite 667,Griffinview,Oregon,23576,88.949037,68.366174
Kimberly Garcia,40,0705 Alyssa Falls Suite 929,New Elizabethshire,Montana,27824,-2.039446,82.160050
Chelsea Winters,32,41018 Keith Circles,Lake Eric,California,03172,83.295671,-53.707955
Alexander Cook,75,175 Williams Island Apt. 469,South Crystalview,Mississippi,66518,-77.429115,-66.383291
Billy Stein,80,7937 Dominguez Track Apt. 924,South Kristy,Montana,70377,56.494709,-12.864850
Jeremy King,34,8380 Eric Fort Suite 683,Samuelchester,California,10751,137.682714,-16.0577475
Kathryn Valencia,67,12710 Dwayne Plains Apt. 796,Tarahaven,Washington,16741,-111.024620,-62.6205735
Megan Wright,64,192 Nash Rest,West Robert,New Mexico,26751,-151.273286,-2.4271595
Julia Chavez,58,5704 Judith Camp Suite 597,Hartshire,Utah,15914,-57.224068,-64.279848
Taylor Wood,48,960 Tyrone Points,Lake Samanthatown,Nebraska,52939,40.001650,-87.8098015
Kimberly Conner,46,88011 Mcintyre Village,Anitafort,Oklahoma,49668,-54.993914,-81.4227885
Breanna Davis,53,49076 Foster Mountain Apt. 409,Lewisland,Oklahoma,94890,-149.295016,-18.734452
Amanda Walls,41,462 Karl Throughway Suite 614,West Seanfort,Kansas,15341,-170.351697,-14.1796055
Denise Hernandez,41,7559 Ramirez Square,East Zacharytown,North Dakota,95261,50.303757,5.5778475
Paul Friedman,19,6207 White Lakes,Maryville,Michigan,61254,-87.429415,52.8940955
Robert Jones,71,66529 Stephen Motorway Suite 680,Hannahburgh,Utah,64554,54.801874,-74.247041
Debbie Edwards,63,8592 Brown Freeway Apt. 755,Port Andrea,Idaho,86941,-133.543574,37.9710575
Joseph Smith,48,846 Sydney Inlet,New Amandashire,Nebraska,91052,18.439019,-58.4940505
Casey Lopez,29,3326 Duran Pike,Woodside,Wisconsin,83874,-66.074707,19.7996755
Melanie Lang,20,7865 Paula Parks Suite 840,Rayside,Oregon,37204,72.672335,89.172714
Alicia Hall,39,240 Jason Square,East Kimfurt,Arkansas,78459,133.236562,85.4167875
Alexandria Hamilton,22,71257 Grant Knoll,Summersburgh,Arkansas,10122,77.226562,-27.9524105
Robert Lee,55,046 Amber Turnpike Apt. 641,Brandtview,Washington,24072,149.418013,-31.124033
Kristy Cox,28,159 Jacob Tunnel Suite 497,South Matthewborough,Connecticut,02602,89.055750,-39.7306375
William Castillo,29,43354 Ruiz Drives Apt. 046,Millerbury,Missouri,97192,-89.043758,-87.1369705
Andrea Simmons,25,256 Brown Fall,Hintonhaven,Wyoming,58021,-93.933039,-37.5124575
John Smith,59,752 Brenda Locks,Port Bradtown,Nebraska,22679,-105.950060,-47.152490
Leslie Powell,19,846 Taylor Trace,East Emily,Hawaii,57632,25.741641,36.387331
Dustin Taylor,21,48715 Leonard Underpass Apt. 422,Lake Sarah,New Mexico,99756,158.541576,-55.4664355
Calvin Dixon,18,00493 Timothy Way,Cassandraton,Arkansas,25195,-61.497103,-0.1334255
Alicia Murray,77,7543 Becker Villages,Lyonsborough,Oklahoma,19501,138.166256,48.2145525
Sabrina Allen,61,39778 Laura Forges Apt. 614,Martinezburgh,Texas,36234,27.906298,57.474124
Sarah Jordan,52,374 Darlene Underpass Apt. 191,East James,Missouri,50086,110.597518,34.055573
Scott Trujillo,33,7266 Jacqueline Stravenue,East Erin,Virginia,30848,-13.959649,-7.378799
Alexis Brady,38,344 Wallace Pass,Benjaminmouth,Indiana,39087,165.108085,-49.733593
Duane Johnson,21,10658 Brown Spur Suite 062,Sonyaborough,New Mexico,32551,126.348349,82.2536345
James Crawford,76,01050 Robertson Flat Suite 748,Port Elizabethfurt,Florida,61223,-142.270841,35.5479955
John Molina,43,85924 Robert Lights,New Lisa,Oklahoma,00750,-78.466796,-80.042293
Kathy Roberts,41,4409 Welch Forest Suite 408,North Elizabeth,New Hampshire,31337,100.649726,-15.931184
Sharon Poole,41,41430 Christine Rue Apt. 990,Conradside,Wisconsin,53848,73.385412,8.808098
Kim Campbell,72,95620 Dakota Inlet,Hayesbury,Alabama,95176,134.424549,86.9614425
Samantha Martinez,48,807 Robert Locks Apt. 238,Danielberg,Wyoming,38763,94.594342,14.2312505
Heather Trujillo,24,90706 Daniel Path Suite 904,Munozton,Connecticut,34864,53.164593,-89.3623835
Jason Munoz,67,56690 Maria Cape,South Richard,Florida,39885,-43.679512,-29.4898435
Jason Downs,73,57127 Duke Via Apt. 406,Sheltonborough,Massachusetts,94167,33.079822,-74.9564345
Adam Brooks,47,40264 Christopher Dale Apt. 807,Deleontown,Oklahoma,49785,1.733962,-26.4977295
Shannon Webb,72,39562 Stacy Path,New Daltonberg,Illinois,02132,37.205156,-45.9627575
Jennifer Parrish,63,1187 Kevin Trail,Edwardsberg,Kentucky,66382,103.739177,83.5035725
David Phillips,18,93038 Susan Bypass Suite 509,Lake Jessica,Washington,01677,144.825725,-37.218946
John Jones,34,18235 Stacy Junctions Suite 209,Williamtown,Maine,72130,140.078026,2.5152065
Susan Ryan,70,4529 Crosby Drive,Loweport,Maine,28665,-9.206715,-74.654737
Connie Harrell,21,3153 Dustin Ferry,Port Angelaview,Maryland,45638,115.045613,-20.9086735
Christopher Williamson,50,113 Christopher Ports Apt. 928,Kingland,Arizona,56429,-154.456287,-40.7862325
Carly Douglas,62,624 Garcia Expressway Suite 033,New Keith,Kansas,69419,-16.331329,24.127223
Laurie Richards,54,0784 Kelly Neck Apt. 193,Katherineborough,North Dakota,82530,126.289029,-13.194198
Brandi Hoffman,64,24622 Teresa Place,Mcdonaldview,South Carolina,67080,126.381408,34.5908255
Jaclyn Stewart,45,786 Jeffrey Trail,Lake Christopher,Oregon,71806,-158.705564,-31.667981
Jennifer Mahoney,36,682 Alexander Road,Riverachester,Alabama,97102,-65.003072,-19.2383775
Tyler Williams,59,9919 Perry Courts,West Alexandriaborough,New Hampshire,44070,-171.199748,51.227467
Mrs. Michelle White,44,94667 Rodriguez Summit,Kimmouth,Minnesota,27710,21.340056,64.4837525
Ashley Larson,67,29268 Phillip Pass Suite 231,East Williamland,Minnesota,16338,-20.428669,20.582091
Katrina Garcia,64,6802 Paul Mount,North Jessica,Georgia,47654,6.056512,66.9321545
Daniel Boyle,33,586 Evans Junctions Suite 671,Timothyfort,Kansas,62681,55.617076,-60.032090
Valerie Reynolds,40,1876 Lawrence Village,Stacyville,Pennsylvania,33826,117.414890,-25.308747
Patrick James,77,2712 Joshua Lodge Suite 048,Lake Jeremy,Nevada,99479,70.309811,-5.3796725
Sandra Morrison,67,24316 Jennifer Track Suite 332,Hernandezside,Virginia,12038,38.172173,73.709597
Dr. Daniel Soto,71,129 Christina Villages,East Jason,Kansas,73539,-8.434649,-39.119249
Joseph Gardner,53,579 Monica Branch,Lake Philipland,Colorado,24418,77.823114,-64.7160355
Caitlin Stone,37,196 Stephanie Crescent,Aaronborough,Indiana,26022,74.473845,-84.184480
Cory Rogers,26,8147 Samantha Pike Suite 105,East Ian,Kansas,61337,13.054379,84.399892
Andrew Perez,58,7341 Amy Rue Apt. 109,Currybury,Oklahoma,26590,-62.349324,31.0549425
Lee Hamilton,35,064 Patricia Shoal,New Patrick,Alaska,51186,68.181170,86.0630265
Debra Williams,44,43122 Maldonado Wells Apt. 862,Coxburgh,New Jersey,31168,96.822305,19.9115565
Lauren Hanson,21,75150 Lauren Camp Suite 854,Woodsberg,Rhode Island,07962,-3.960759,-74.936294
Matthew Hall II,19,6982 Murillo Unions,New Melissa,Idaho,57153,-78.907894,43.426575
Jason Murray,61,7911 Clayton Cliffs Suite 174,Adamsfurt,South Carolina,80979,63.874805,-11.341548
Heather Barnes,27,96858 Brown Freeway,Amyfurt,New Hampshire,81027,170.839647,-12.8291675
Christopher Bush,36,0636 Lindsey Inlet Suite 616,Smithmouth,Florida,07833,-89.909772,-62.8267095
James Mcclain,25,57951 Sara Lakes,North Dennisland,Michigan,95141,-9.182212,20.5918445
Olivia Carter,67,3080 John Turnpike,Port Shelbyburgh,Oregon,35370,98.456884,-19.314029
John Bright,80,753 Richard Trafficway,New Jamesfort,Alabama,09671,-105.486714,-35.993708
Adam Salas,44,32632 Stevenson Curve Suite 079,Christopherfurt,New Jersey,69987,24.880617,-59.069143
Brooke White,58,0895 Kevin Row,Michaelport,Texas,51363,-157.194113,54.6085655
Bradley Kemp,41,3390 Anna Flat Suite 235,Wolfeland,Louisiana,67907,-41.931526,17.7354375
Jonathan Stokes,23,91476 Charles Passage Suite 649,Scottshire,Colorado,53040,-29.186947,-85.7759885
Brian Garcia,39,041 Brian Falls Apt. 279,Cherylberg,West Virginia,61493,71.310121,18.4350075
Andrew Ward,30,895 William Place Suite 786,Port Ashley,California,05764,27.044122,-73.9222935
Christine Greene,65,600 Bowman Springs,Walterberg,Massachusetts,75580,154.986088,-85.1688025
Mark Cline Jr.,23,72903 Griffin Alley Apt. 245,North Sara,Nevada,91522,-163.454045,9.058151
Martha Barnes,41,193 Andrew Knoll Suite 669,Parkport,Connecticut,69481,76.159775,-60.2990145
Nicholas Schultz,40,9345 Vincent Pines Apt. 177,Williamsstad,New York,30143,50.367836,-53.953542
Andrew Ruiz,33,6879 Julie Haven Apt. 367,Melissachester,South Carolina,12258,156.023948,65.715183
Maria Marshall,32,75897 Brenda Mountains,Troyburgh,Connecticut,32629,-0.787986,-49.0908015
Eric Holden,63,73379 Dale Orchard,Michaelhaven,Missouri,53012,-0.219622,31.3380735
Melanie Silva MD,67,465 Nicole Manor Suite 099,New Mark,South Carolina,90336,0.367764,19.1205445
Steven Rojas,54,01114 Tina Ville Apt. 582,North Shelbystad,Hawaii,92728,74.877439,20.5777455
Roger Velez,22,56273 Lisa Views Suite 852,New April,Idaho,77035,172.572395,50.2350815
Terry Mathews,35,33499 Mitchell Field,Brandonville,Tennessee,35292,-41.556884,-50.1328445
Donna Watson,21,57492 Laura Hollow,New Amyfurt,Minnesota,13563,3.655026,4.6876055
Jason Miller,45,301 Scott Ford,Port Tommyshire,Wisconsin,96814,-73.671222,43.6342205
Matthew Obrien,51,87055 Thomas Union,East Philipburgh,Kentucky,12255,81.340675,-50.398407
Michael Wheeler,53,143 Anderson Highway,West Jasonfurt,New Mexico,82028,-145.325170,87.171753
Randy Chan,25,306 Boyd Glens,North Patrickfurt,Massachusetts,18013,29.247481,-59.218934
Jade Chen,39,033 Misty Plains Apt. 614,Annaburgh,Ohio,76036,14.258105,-61.287374
Sabrina Gibson,27,248 Diane Fall,Dianeburgh,New Jersey,25171,-35.626797,70.4627235
Amanda Le,32,00348 Susan Square Suite 951,Parkerton,Missouri,52737,0.875736,-17.259530
Rickey Meza,62,2957 James Haven Suite 638,Lake Sarastad,Indiana,07649,27.062725,-50.344050
Hayden Gray,62,418 Wilkins Heights,Geraldborough,Washington,59527,92.417866,-56.315171
Kristin Young,77,8248 David Centers,Russelltown,Iowa,82077,-76.421417,-34.080539
Mario Wright,37,54354 Day Square Suite 243,Wadeview,Arkansas,03677,91.933897,-72.6834625
Alexander Lopez,55,2136 Weiss Trail,Christianchester,Utah,14096,108.167318,-74.7302685
John Jones,43,7105 Joyce Station,Moralesfurt,North Dakota,15838,147.999671,41.579862
Christopher Holland,55,801 Alexander Ridge Apt. 926,North John,Alabama,10033,-152.153277,-83.7859765
Carrie Barr,23,46802 Sara Keys Suite 960,Ramirezfort,Kansas,10492,69.232025,-46.7970545
Grant Yu,76,091 Brittany Forest,Alicialand,South Dakota,59020,-161.440053,56.8985955
Ryan Carrillo,45,682 Martinez Expressway,West Danaburgh,South Dakota,73244,24.862193,15.7143185
Jared Smith,53,52682 Hendrix Mountains,New Michaela,Iowa,19266,-132.369920,26.137459
Jimmy Cook,71,54068 Cochran Wall,West Jesse,Rhode Island,92987,-169.752042,18.498241
Mark Hernandez,26,18656 Christina Ways Apt. 261,Port Ericabury,Oklahoma,51623,127.728566,-86.196361
Robert Yates,71,633 Christopher Fort,Port Frederick,Illinois,76472,-44.011408,66.4367815
Cynthia Adams,41,840 Carpenter Squares Suite 180,North Andrew,New York,89738,-19.764121,45.0987645
Steven Nunez,24,496 White Stream,Clarkside,Pennsylvania,05025,-129.974191,32.1375025
Amanda Kelly,72,9769 Knox Circles,Rebeccashire,Hawaii,91523,95.619370,13.7172865
Kristy Pham,46,3292 Kathy Streets Apt. 964,Jenniferborough,New Jersey,81850,-63.154506,-14.320706
Jessica Butler,30,28137 Carrillo Shore,Hornbury,California,21095,73.799662,67.391458
Melanie Gill,20,5303 Ronnie Manors,East Gary,Washington,59245,45.490954,40.984205
Gabriel Simon,22,597 Summer Island,Lake Jesus,Missouri,13396,58.792902,-50.419084
Joseph Lozano,64,2876 Joseph Cliff Apt. 561,South Alanchester,Kansas,29197,164.295680,-15.0302225
Derrick Lang,22,049 Richard Gardens,New Lauren,Idaho,82438,-3.078684,11.8512215
Brett Chapman MD,23,6077 David Trace,Carpenterberg,South Dakota,66440,51.344378,88.231270
Margaret Gaines,46,44453 Gary Summit Suite 709,North Jeffrey,Minnesota,11140,-68.669518,-62.1813295
Logan Casey,27,15783 Jason Harbor,Port Ricardo,Ohio,67244,-106.833368,82.9182125
Holly Moreno,23,544 Henderson Mews,Jesusshire,Rhode Island,18214,-107.004360,-72.927941
Dr. Ronnie Meza MD,48,2062 Kyle Ways Suite 920,Leslieberg,Massachusetts,49048,163.832677,-37.958529
Chelsea Mccarthy,60,49837 Kirby Summit Suite 838,Jamesfort,Texas,13151,-13.146932,-27.344084
Stanley Campbell,33,831 Kathleen Walks,West Michael,Illinois,74141,139.020857,86.3375805
Sherry Williams,36,37712 Mary Glens Apt. 218,Port Emilyburgh,Pennsylvania,70966,-0.102234,-6.3948515
Jeffrey Vega,66,624 Johnson Street Suite 956,East Michelle,Illinois,37290,108.964311,-66.424527
Laurie Simmons,68,19736 David Fords,Port Jamesport,Mississippi,26211,-31.515334,-5.652690
Kara Deleon,24,513 Corey Green Suite 919,Collinsfurt,Kentucky,09595,-115.346040,-45.236939
Mark Brooks,26,35191 Sean Overpass Suite 834,Tiffanyborough,Rhode Island,21806,-17.402317,-51.4780665
Sonia Cruz,65,10483 Ramsey Cliffs,Thomashaven,South Dakota,01583,95.313946,-69.0748865
Christopher Miller,45,767 Crystal Landing Apt. 107,Port Rachelchester,New York,06600,36.516317,60.5461915
Heather Decker,74,60208 Alyssa Mill Suite 994,West Brianville,Indiana,97861,-54.246283,-43.420118
Stephanie Clarke,76,784 James Dale Suite 863,Penaside,Louisiana,19159,140.093011,50.7130335
Deborah Moore,73,404 Melanie Ranch Apt. 552,Davidchester,North Dakota,39429,125.377807,37.137795
Kayla Watson,64,1540 Cynthia Viaduct,Garzachester,Pennsylvania,54163,44.234903,0.750085
Jennifer Gomez DDS,62,7820 Callahan Motorway Suite 005,Maryfurt,Washington,30526,-29.815738,-63.572314
Keith Alexander,47,5284 Maria Stravenue,Jasonstad,Kansas,12564,-102.260221,38.409721
Jessica Garner,42,001 Andrew Lane Apt. 292,Carlsonchester,New Hampshire,38416,152.126946,-22.936559
Mrs. Heather Sandoval,28,5582 Emily Curve Apt. 520,South Beth,Oklahoma,85421,106.017294,-69.8286475
Kathleen Howard,23,8181 Marshall Pines,North Tiffany,Indiana,22991,49.746441,68.555327
Shannon Rodriguez,68,402 Melanie Falls,Wilsontown,California,81540,84.040363,9.0615165
Erica Nelson,22,81578 Christine Estates,Shaneberg,Nevada,21048,18.227149,-30.560345
Jennifer Burke,45,51161 Mcdaniel Cliffs Apt. 063,North Nicole,North Carolina,23848,79.021992,62.040683
Shirley Carr,50,36596 Michael Rapid,Brandyshire,Arkansas,23831,149.017189,-56.9743455
Kari Orr,27,63354 Rachel Islands Suite 898,East Clinton,Louisiana,23494,38.969400,19.403266
Tammy Scott,57,499 Caitlyn Courts,New Thomasview,Alaska,65032,-86.370502,40.1995775
Benjamin Wells,41,6917 James Dale Apt. 685,North Autumn,Idaho,07241,51.302434,-48.1508845
Brian Gilmore,79,43908 Brian Branch,South Tyler,Rhode Island,28002,-132.065433,-12.1017375
Mr. Eduardo Mack,20,4102 Everett Island Apt. 913,Port Douglashaven,Illinois,56228,-0.854884,38.7767305
Brian Stanley,42,33889 Brown Terrace Suite 280,Noahhaven,Indiana,74283,83.431717,-28.0658905
Robert Hunt,20,9706 Riggs Isle Suite 036,Eileenburgh,West Virginia,23256,-117.425266,72.3687955
Tyler Cox,42,0358 Smith Landing,Breannafurt,Minnesota,53571,-179.195621,-81.002983
Stephen Lawrence,68,60510 Latoya Village Apt. 783,Georgeland,Idaho,02638,-26.460181,-77.9204265
Edwin Cain,45,893 Scott Springs,Cherylton,Tennessee,51768,107.829343,-56.4537835
Courtney Haney,32,6522 James Loop Suite 430,Ronaldview,Vermont,50076,6.688860,60.7423385
Dr. Daniel Reeves,72,7112 Cameron Drive,Lake Bradleymouth,Kentucky,37599,-64.909064,9.318876
Nicole Frazier,36,33496 Kathleen Drives,Garciaville,Virginia,55408,-0.357664,-82.6253405
Eric Martin,62,9020 Moss Turnpike Suite 966,West Annaberg,Montana,59411,178.904461,33.091047
Michael Goodman,53,415 Barton Plains,Patriciahaven,North Dakota,30793,9.411611,17.509308
Michael Thompson,48,6650 Sarah Roads Apt. 612,North Conniefurt,Texas,39725,126.512792,-73.284235
Ricky Mayo,75,4323 Shelton Manors Apt. 880,Kelleystad,Idaho,71333,-97.748969,-42.8016515
Terry Copeland,59,0887 Stacey Lock,Melissaberg,Arkansas,02308,-115.178745,-27.181960
Kevin Clark MD,40,9536 Samuel Springs Suite 782,South Scott,Kentucky,07983,-100.180900,-78.3745645
Amy Williams,59,0532 Knox Mill Apt. 176,Richardstad,Ohio,24220,-18.005723,33.7322715
Kimberly Brown,57,2287 Webster Spur,Hebertchester,Hawaii,30971,159.673945,29.345079
Alexandria Davies,64,105 Lauren Lane,East Ashley,Illinois,22360,-30.393242,-24.416198
Brandon Hernandez,42,2918 Michelle Drives Suite 362,West Davidview,California,49607,-153.074582,-38.7995175
John Smith,48,034 Smith Mount Suite 367,Harristown,South Carolina,39758,6.528954,-49.204819
Christopher Schroeder,63,328 Gabriella Gardens,Myersfort,Florida,27949,-169.339288,60.237439
Ashley Smith,28,739 Elizabeth Lodge Apt. 560,East Evanfurt,Montana,34615,-97.595949,44.146087
Angela Edwards,63,3296 Jean Dam Apt. 933,Lake Alexis,Kentucky,72687,-91.360462,-59.638745
Douglas Hampton,75,251 Bray Avenue Suite 587,Lake Stephenview,Iowa,09348,21.371784,-67.8024975
Donald Maxwell,26,28748 Stuart Via,Robertport,Arkansas,61796,142.473630,-14.807709
Richard Stevens,63,24470 Melton Isle Suite 607,Rachelburgh,Pennsylvania,13349,-78.428981,60.3060955
Andrea Kelly,41,64883 Michael Lodge Apt. 870,East Samanthafort,Arizona,65906,-74.387010,66.310544
Jasmine Nelson,59,16737 Mark Orchard Suite 031,Karenfurt,New Mexico,52186,9.573442,-13.597443
Erika Jones,20,46184 Sara Valleys,Kellybury,Wyoming,55579,58.327588,48.1974195
Sandra Warren,54,8227 Susan Coves Apt. 776,Rodrigueztown,Pennsylvania,73748,165.413914,73.8720455
Miranda Rodriguez,24,78178 Smith Path,East Brett,Alabama,56799,154.996309,-25.004712
Nichole Smith,55,278 Obrien Estates Apt. 032,North Stephanie,Kentucky,99492,125.937577,-64.093597
Pamela Pena,34,41623 Brenda Park Apt. 219,Randyfurt,Iowa,68677,-53.766998,-77.9661185
James Herring,58,441 Linda Circles,New Danielmouth,Nevada,92263,137.093536,55.3514895
Nicole Johnson,66,307 Wagner Stream Apt. 259,East Christian,Washington,76388,157.638019,69.4835425
Colin Underwood,73,5631 Kevin Tunnel,Patriciamouth,Pennsylvania,21302,89.058502,89.662442
Terri Avery,68,76064 Greg Mills Apt. 446,Myersmouth,Delaware,40244,12.007652,-77.109803
Raymond Morris,22,61510 Ray Overpass Suite 693,Hollandbury,New Hampshire,09067,-38.437812,33.0384125
Ann Moore,48,916 Charles Station Apt. 102,South Andrewfort,Louisiana,12547,89.960247,-71.7131815
Melissa Mullen,27,6066 Benjamin Skyway,Lake Robertfort,Virginia,98268,-117.365381,78.702460
Christina Roberts,25,8191 Brianna Fields,Lake Jameschester,South Carolina,94597,-16.488679,42.6701235
William Mcconnell,21,68605 Jill Lodge Apt. 452,Mirandatown,Missouri,16983,-32.625379,-22.517639
Teresa Walsh,78,0233 Kim Creek,Flemingbury,Wisconsin,38142,-136.876225,-34.892480
Mary Johnson,44,462 Christopher Walks Apt. 651,New Ryan,Florida,60320,161.708348,62.224117
Deborah Ramos,40,3201 John Springs,Frostchester,Texas,70921,89.759888,-47.8185395
Brian Freeman,48,509 Chung Ferry,New Dennis,Pennsylvania,66204,-63.232737,-3.574644
Randy Taylor,54,43582 Thomas Island Suite 170,Port Cynthia,Nebraska,54799,-128.261541,17.381325
Brandon Schmidt,32,4434 Jennifer Fields Apt. 369,Sandersfort,Georgia,20315,-161.194812,17.035154
Elizabeth Morales,31,0658 Medina Field Suite 748,Youngport,Connecticut,05484,-9.687136,64.7104735
Steven Mcdonald,60,23134 Jenkins Land,Adamstown,North Dakota,86851,118.601265,-5.8229205
David Chen,68,566 Michelle Plains,Thomasberg,Maine,58708,-31.122043,15.679089
Brittany Thomas,29,35750 John Trace Suite 272,Williamstad,Wyoming,10909,-176.549886,-13.5497565
Renee Gallegos,72,995 Christopher Mountain,Donnaside,Missouri,89672,-32.931618,41.048752
Danny Garrett,59,8279 Louis Brook Suite 206,Moralesshire,Nevada,23208,140.653028,-2.766350
Travis Coleman,52,82777 Mccarthy Drive,New Connorport,New Mexico,75215,-170.067767,44.517185
Deborah Sanchez,78,7891 Patricia Alley,Gonzalezmouth,Florida,04275,55.729939,-55.8385025
Daniel Greene,41,5528 Spears Glen,West Lee,Mississippi,27060,6.766397,-20.5028455
Carlos Morris,33,56480 Cruz Parkway,North Briannaview,Alaska,39833,133.454099,-0.3448675
Deborah Vaughn,65,41009 Michelle Loaf Suite 784,North Jennifer,Alaska,46238,159.171146,82.3108095
Laura Johnson,37,452 Phillips Place,Millerbury,Utah,23307,15.903740,18.435713
Theresa Banks,23,5529 Parks Brooks,Tylermouth,Missouri,56397,-32.609405,29.6997095
Jennifer Ross,58,90120 Norman Forest,Davismouth,Hawaii,84273,-67.593470,38.719261
Courtney Wolfe,33,09392 Lopez Mall,Garzamouth,California,50055,-58.865820,-85.9979625
Joseph Arnold,55,34380 Thomas Field Suite 235,Karenshire,Vermont,75382,30.574543,-33.877925
Dustin Johnson,49,86702 Jerry Mountains,Port Michaelland,Kansas,33460,9.968604,-57.8097265
Patricia Rosario,18,67156 Kimberly Point Suite 523,Andreaberg,Maine,19767,9.609440,12.424925
Zachary Clark,61,15095 Alan Light Suite 061,Edwardmouth,Vermont,83695,-122.202510,-40.917388
Jose Yu,65,18431 Kenneth Locks,Shieldsland,Idaho,99453,-119.790217,58.8568015
Philip Hernandez,33,721 Alexander Ferry Suite 726,Stevenhaven,Tennessee,59927,73.791519,79.9758405
Tabitha Wolfe,79,8865 April Point Suite 583,West Jeffrey,Massachusetts,40017,-138.909665,34.969542
Barbara Parker,68,861 Stanley Trail,Lake Jill,Maine,67365,-159.099585,-28.707420
Christopher Roman,41,377 Jose Corner,Fullerburgh,Illinois,54956,-66.016877,-50.881520
Shannon Conrad,47,758 Stacy Spurs Apt. 642,Westville,Minnesota,30995,-150.409371,-53.533111
Kari Trevino,54,16087 Bob Run Suite 461,New Kelseyport,North Carolina,73169,-93.575259,-30.535955
Adam Wilkins,77,2625 Obrien Squares Suite 978,Troyborough,Michigan,27219,50.140102,-83.4981785
Anthony Flynn,48,8728 Graham Extension Apt. 995,Marissastad,West Virginia,41474,57.105670,89.7657115
Darlene Todd,60,615 Jon Run,East Natasha,Connecticut,12237,-170.967552,-30.857697
Kimberly Woods,73,24646 Odonnell Radial Apt. 953,Aguilarland,Idaho,87416,102.575906,46.5547815
Samuel Warner,24,29650 Werner Knoll Suite 911,North Leahborough,Connecticut,44600,74.785344,-21.892488
Peggy Whitaker,73,98106 Long Gateway Apt. 643,East Shannon,Iowa,83005,-44.885688,-36.869866
Amy Brown,52,497 Donna Ways Suite 377,Nicholasborough,Nevada,50721,-5.837246,-33.099257
Ann Park,43,8371 Fox Field Apt. 586,New Jeremy,Minnesota,57052,-52.322275,-17.292281
Brandi Wyatt,56,09692 Olson Branch Apt. 014,North Dylan,Massachusetts,87357,-10.278226,-76.047867
Brandon Small,53,7869 Shepard Groves,Gonzalezville,Alabama,49084,5.081517,-50.6532415
Jerome Benjamin,64,9645 Bishop Knoll Apt. 678,Josephport,Texas,37803,-115.653951,-27.893167
Miranda Long,59,1826 Brett Turnpike Apt. 173,Vincentbury,Minnesota,43173,175.434952,44.302686
Samantha Martinez,72,63978 Weber Harbor Apt. 893,North Todd,Tennessee,79925,-94.678811,6.6008175
Wendy Cline,61,51422 Linda Squares Apt. 092,Port Jennifer,Mississippi,59363,-111.601595,-25.535580
Nancy Moore,56,28611 Matthew Avenue,Lake Kimberlymouth,North Dakota,87969,2.873307,-43.511374
Adam Navarro,33,5669 Roth Hills,West Brandiville,New Mexico,85279,63.146067,-87.4270805
Glenn Frost,51,2748 Baxter Plains Suite 060,Emmaside,Indiana,12741,-71.173952,63.778640
Brittany Moyer,45,082 Janet Branch Suite 000,Anthonyburgh,Connecticut,17683,-27.297181,11.6611135
Daniel Franklin,36,77774 Rebecca Fields Suite 828,Michaelhaven,Utah,77243,-35.301905,-4.368261
Jonathan Lowe,76,0200 Larsen Crossroad Suite 253,Lake Leslie,Oklahoma,09182,166.403681,66.5586375
Nicole Rivera,54,755 Matthews Street,North Shane,Nebraska,51374,-90.238928,14.953580
Laura Hicks,74,3302 Gutierrez Hill Suite 852,Lake Elizabethside,Iowa,06337,-97.548726,-34.0583695
Jacob Ferguson,31,04965 Ebony Court,Mauriceshire,Colorado,34452,-25.457926,20.428714
Joseph Ellis,19,10567 Jordan Spur Suite 190,Port Kennethborough,Ohio,31674,-26.033104,84.135162
Edward Castillo,68,308 Olivia Route,West Spencer,Louisiana,38945,74.304667,-47.575898
Eric Ruiz,75,770 Phillips Fords,South Howard,California,16973,-87.518955,-26.1250325
Samantha Mann,36,88902 Meghan Ranch,Lake Ashley,Arkansas,23222,-112.876314,46.575922
Tammy Clark,52,832 Meyer Spring,Douglasmouth,Virginia,17926,77.525730,10.239463
Rebekah Hernandez,34,43090 Roberts Shoals,Burkehaven,Montana,15207,-151.986769,-36.8837955
Anthony Cruz,29,53024 Melinda Roads,New Joshua,Oklahoma,97754,-64.479241,-44.8744045
Matthew Stevenson,48,00259 Patrick Neck Suite 314,New Marie,West Virginia,25958,-129.745386,80.328976
Scott Williams,73,0878 Victor Wall,Perkinsland,Oklahoma,17274,153.687654,85.8556535
Mrs. Priscilla Richards,33,36745 Ward Dam,Patriciatown,Indiana,40676,131.465991,53.8035035
Daniel Ramirez,80,73688 Anthony Freeway Suite 802,South Debbie,Virginia,68687,109.629752,37.9239475
Christy Morales,34,6471 Diane Plaza Apt. 646,West Margaret,Iowa,99453,143.767350,-72.113794
George Lewis,75,0477 Moore Shoals Apt. 506,Lake Jonathanton,Idaho,67156,31.034840,32.208487
Sarah Stanton,79,8253 Robles Ways Suite 600,West Allison,South Carolina,38713,104.846372,-29.5131125
Isaiah Mcdowell,76,36914 Bennett Ports Apt. 656,Lake Briannamouth,Arkansas,53964,161.375444,-32.7656325
Edward Calhoun,41,792 Marshall Village,Calebstad,South Dakota,01590,174.485589,73.2610155
Gregory Russell,66,57016 Brian Oval,Moranshire,Connecticut,55863,72.345381,-78.0818405
Ms. Megan Harris,80,072 Heather Heights Apt. 574,Ninabury,Texas,91799,-4.682940,-53.481039
John Wagner,47,19438 Michelle Island Suite 146,Smithfurt,New Hampshire,51760,29.360506,-84.290335
Travis Juarez,47,07194 Spencer Port,South Michaelville,Illinois,16549,153.657177,-79.174656
Brittany Erickson,38,299 Garrett Drives Apt. 550,North Gabriel,Utah,83026,29.093402,65.5311955
Peter Meadows,63,3621 Stewart River Suite 297,Kevinstad,Texas,51416,90.181807,7.179127
Jennifer Martinez,68,039 Rice Mountains Suite 682,Colemanbury,Kentucky,59480,58.975116,-54.039184
Amanda Barry,61,74723 Melissa Ramp,Perezmouth,Alabama,36121,18.716436,7.6932435
Cathy Tran,50,0438 Roberson Gateway,Lake Tonyview,Minnesota,08182,17.875779,20.2745205
Mary Figueroa,30,2756 Carolyn Throughway,Port Jameshaven,Ohio,50068,48.262239,50.752501
Jacqueline Jordan,33,429 Steven Crescent,Romerotown,Maryland,71007,-70.145472,71.5146985
Robin Gentry,33,1115 Pearson Street Suite 635,Christopherfurt,California,60727,-120.704851,-86.505291
Megan Underwood,72,7614 Wilson Prairie Suite 910,North Paige,Kansas,06194,18.517956,-65.775061
Jacob Reyes,25,181 Emily Turnpike Apt. 725,Christopherfort,New Hampshire,49724,171.917416,-53.4603125
Valerie Norris,64,0949 Drake Park,Port Kevinberg,Alabama,13900,5.464501,48.626182
Jessica Hanson,43,21675 Lee Crossing,Tiffanyhaven,Massachusetts,19717,-105.018296,48.7097925
Edgar Skinner,44,1176 Timothy Rapid Apt. 446,West Brandonside,Oregon,95070,29.892284,61.346506
Steven Benjamin,31,084 Lopez Mews,Lake Williamside,Nebraska,88469,-115.873216,51.2321955
Ryan Reed,70,07011 Martin Ridge Apt. 690,Charlesland,Iowa,23673,-78.189664,-56.6678055
Hannah Martinez,19,3490 Charles Mountain,Kingville,Hawaii,22688,-145.975663,-25.8780895
Cristina Robinson,24,0716 Jill Drives Apt. 205,New Lisa,Iowa,98886,-53.083625,77.5317975
Amber Jackson MD,58,22882 Erika Circle,North Christophertown,North Carolina,04463,-25.596019,33.4021465
Melissa Torres,22,847 Goodwin Heights,East Debramouth,Wisconsin,20749,-102.133242,-39.814119
Crystal Williams,25,88224 Morrison Summit Suite 605,West Josephland,Kansas,85795,111.478327,35.6336345
Regina Munoz,52,2397 Jason Valley,Robersonchester,Kentucky,03080,-148.460878,26.791971
Lisa Cook,55,9892 Cook Villages Suite 917,South Jayshire,Illinois,36549,29.802831,-20.6633485
Steven Gibson,67,38079 Amber Gardens,New Stephanie,Oregon,58168,-174.391113,-34.6679295
Jeffrey Morales,24,60897 Foster Village,Lake Kurtmouth,North Carolina,72627,122.739069,11.977528
Carolyn Brown,41,6480 Suzanne Brooks Suite 505,Garrettborough,Connecticut,96040,59.902376,-19.1446865
Kyle Poole,52,54908 White Motorway Suite 267,Smithborough,New Hampshire,13291,-111.788184,-79.5416285
Carl Hayden,69,140 Logan Via Suite 119,Hicksberg,North Carolina,37374,116.731416,78.813124
Russell Ramos,71,800 Richard Prairie Suite 243,Mariamouth,New York,65814,73.388119,47.7747525
Elaine Cook MD,42,576 Rebecca Mews,Alyssamouth,Oklahoma,10522,-104.988739,74.2199675
Katie Crawford,62,289 Harry Valleys Apt. 691,Lake Jill,Kansas,14665,-116.534174,-37.7052865
Paul Jackson,78,103 Sellers Spur,Port William,South Dakota,04058,-35.288009,31.5929935
Justin Fisher,53,46559 Jesse Harbors,East Jennifer,Virginia,59223,-178.774760,88.959629
Bruce Washington,79,8848 Alicia Centers Suite 767,Billymouth,Oklahoma,22571,-61.477417,45.9400155
Trevor Rubio,66,4383 Christopher Ways,Sabrinamouth,Rhode Island,71443,127.385050,-73.548180
Matthew Castro,44,76314 Paul Lakes,Waltermouth,Idaho,69702,-123.097706,-22.8374955
Nicholas Gordon,67,645 Christie Court Suite 853,Tonyaton,Pennsylvania,42978,105.923329,67.8201955
Erika Davis,72,92090 Benson Forges,Toddtown,Massachusetts,03156,38.260245,-49.526970
Jason Holland,65,359 Stephens Mission Suite 536,Santiagoberg,North Dakota,34807,34.661449,-84.7465305
Ricardo Richardson,58,26537 Joseph Plains Apt. 206,Lake Ryanshire,North Dakota,47947,-94.321215,10.184373
James Howard,21,97112 Murphy Inlet Apt. 851,Destinyhaven,North Carolina,32309,166.110326,85.5406875
Elizabeth Davis,44,2377 Tyler Land,Barkerland,North Carolina,15364,-113.600564,64.0347115
Caleb Thompson,40,68854 Rodriguez Square Suite 969,West Mollyland,Wyoming,41021,-70.697428,84.654710
Kristine Taylor,67,5154 Douglas Club Apt. 371,Mcdonaldport,Delaware,72016,-157.148101,-13.838472
Michael Hernandez,22,77238 Jones Ramp,Hansenfort,North Carolina,23396,115.116181,-16.5476975
Morgan Barnett,54,73071 Stewart Mission,South Jason,Nevada,49076,-84.322203,-32.202715
Lynn Maldonado,58,2013 Gomez Mills Suite 605,Mckenziestad,Rhode Island,30217,-165.005202,-29.525180
James Grant,64,5054 Charles Lane,West Brian,Arizona,06535,-58.256449,13.8368535
Elizabeth Palmer,23,7969 Jones Courts Suite 590,North Tina,Hawaii,59144,8.004391,-26.0525505
Heidi Garza,60,927 Darrell Square,Port Robyn,Colorado,28164,-140.156351,18.028882
Mathew Johnson,32,58349 Harris Isle Suite 308,Lake Laura,Vermont,04928,-119.787023,-11.3653735
David Rivas,36,3424 Terrell Vista,West Jacqueline,Rhode Island,09386,-108.220907,73.1108975
Jason Hood,58,8152 Scott Prairie Apt. 048,Wardstad,Kentucky,92391,-70.270431,-36.2689395
Johnny Barrett,73,99263 Bell Shoals Suite 117,Port William,Nebraska,26704,140.824697,-56.455551
Nathan Leon,71,8849 Kelsey Union,Dylanport,Colorado,49582,-104.673466,69.4832295
Brittney Johnson,79,34679 Waters Plain Apt. 835,Elliotthaven,Louisiana,17587,-94.744851,46.9428065
Jacqueline Elliott,65,666 Washington Stravenue,North Katrina,Kentucky,86567,-141.027723,45.024809
Sandra Bird,31,954 Samantha Spurs Apt. 416,Walshburgh,Kentucky,69225,-165.150355,-36.5778775
Donald Duncan,42,88520 Patrick Extensions Suite 706,Englishmouth,Alaska,48771,110.653239,-74.1582775
John Rodriguez,59,2796 Hoover Mountains Suite 306,West Steven,Nebraska,28933,-125.376764,-66.2149605
Megan Mcgee,65,362 Michael Camp Suite 358,Curtistown,North Dakota,48276,-89.986166,39.7199775
George Villanueva,50,11306 Becky Passage Apt. 566,Samanthabury,New Jersey,44869,-29.759348,7.150515
Craig Bryant,78,21402 Bradley Port Suite 883,Hollyberg,Idaho,17125,103.130408,18.110664
David Brock,60,579 Ryan Pike Apt. 967,Williamport,Ohio,49926,37.965646,-1.370890
Richard Figueroa,30,4523 Burton Plain,New Christopher,Wyoming,99219,148.792086,69.623127
Daniel Peterson,42,07580 Taylor Ville Suite 008,Jenniferbury,Oklahoma,69254,148.826654,7.1355165
Tammy Cobb MD,38,6104 Trujillo Motorway,Rachelbury,Oklahoma,53264,-127.729940,-89.464882
Elizabeth Davis,28,0215 Anderson Way,Williamsmouth,Alabama,94656,-108.862026,-50.089910
Gregory Evans,21,31456 Patrick Canyon,Fredberg,Nebraska,86709,-125.660061,16.2754385
Miss Denise George,18,560 Norris Via Apt. 074,North Alyssa,Utah,52270,-114.929141,14.8245525
Rachael Smith,27,51010 Jeremy Course Apt. 129,Port Caroline,Nevada,64602,-1.853676,-55.360658
Cassandra Brock,63,93081 Singleton Estate Apt. 894,Reyesport,Montana,53067,-93.171001,-1.6844425
Steven Lindsey,78,379 Jerry Prairie,Albertbury,Kentucky,34598,-170.453523,-48.5499535
Jacob Sutton,24,076 John Summit Apt. 120,North Evan,Delaware,34011,166.226088,-66.6379785
John Stewart,40,18032 Hill Pass Apt. 210,Lake Courtneymouth,Nevada,96542,40.888489,19.8868845
Megan Weaver,58,9290 Scott Radial Suite 843,West Steve,Ohio,98325,162.482515,-75.567287
Bruce Phillips,69,28584 Alexander Fork Apt. 217,New Angelafurt,West Virginia,37775,-129.303072,-8.807318
Laura Guzman,41,9922 Goodman Springs,Kevinfort,Kansas,58335,-41.893798,18.351888
Brandi Walters,24,065 Malik Hills,Port Victoriatown,Hawaii,68994,-82.158074,-53.3442745
Roberto Rodriguez,44,4282 Andrew Trail Apt. 055,Caitlinton,Maryland,25178,-128.962434,35.539392
Mary Lee,55,046 Victor Alley Suite 700,North Ambertown,North Carolina,21826,-73.463722,-10.718750
Michael Lee,18,894 Daniel Port,East Megan,South Carolina,54848,-138.798179,68.5089405
Amanda Martinez,21,73515 Jackson Drives,Port Patricia,Louisiana,54856,-168.827718,-13.823592
Stanley Juarez,78,60292 Jessica Key,New Joelborough,Wyoming,52847,-95.356290,-72.4326865
Ashley Estes,35,810 Henry Stream Suite 599,Lake Ryan,Rhode Island,73007,-50.764235,6.625244
